,anxious,dizzy,dry eyes,dry mouth,headache,paranoid,creative,energetic,euphoric,focused,happy,hungry,relaxed,sleepy,anxiety,depression,fatigue,headaches,lack of appetite,pain,stress,strain_id
0,,13.0,31.0,46.0,11.0,13.0,42.0,,52.0,26.0,40.0,,,,48.0,25.0,,,,38.0,50.0,3534
1,,6.0,25.0,25.0,,,31.0,37.0,,,62.0,,50.0,,18.0,15.0,,,,21.0,21.0,3535
2,2.0,6.0,10.0,21.0,2.0,,24.0,,41.0,,57.0,,59.0,,23.0,25.0,,,,18.0,28.0,3537
3,3.0,6.0,13.0,22.0,,3.0,33.0,,48.0,,62.0,,66.0,,25.0,31.0,,,18.0,22.0,36.0,3538
4,3.0,5.0,9.0,21.0,,,,,50.0,,73.0,,90.0,46.0,28.0,32.0,,,,32.0,42.0,3539
5,3.0,3.0,14.0,22.0,,1.0,,,46.0,,54.0,,82.0,40.0,20.0,25.0,,,,31.0,39.0,3541
6,1.0,1.0,5.0,19.0,1.0,,,,45.0,,59.0,,89.0,41.0,28.0,22.0,,,,32.0,33.0,3542
7,,5.0,12.0,10.0,5.0,5.0,32.0,,47.0,,62.0,,95.0,,22.0,,,,17.0,22.0,30.0,3543
8,,7.0,16.0,33.0,7.0,7.0,44.0,,48.0,,49.0,,43.0,,34.0,30.0,,,,36.0,44.0,3544
9,5.0,,12.0,20.0,7.0,7.0,35.0,33.0,,,53.0,,87.0,,,33.0,,,,41.0,30.0,3545
10,1.0,3.0,8.0,19.0,2.0,,,,32.0,,34.0,20.0,67.0,48.0,22.0,20.0,,,,30.0,29.0,3548
11,,8.0,24.0,37.0,5.0,11.0,44.0,26.0,43.0,,39.0,,,24.0,38.0,,,,,45.0,42.0,3550
12,4.0,,19.0,30.0,4.0,2.0,28.0,,59.0,,76.0,,73.0,,33.0,35.0,,19.0,,38.0,42.0,3551
13,7.0,7.0,10.0,31.0,,8.0,,,46.0,,68.0,31.0,40.0,,29.0,29.0,,,,28.0,32.0,3552
14,2.0,2.0,4.0,11.0,2.0,,,18.0,,34.0,41.0,,64.0,,36.0,24.0,,,,43.0,39.0,3553
15,,10.0,24.0,41.0,6.0,9.0,36.0,,46.0,,58.0,,45.0,,28.0,25.0,,,,27.0,40.0,3554
16,,8.0,16.0,34.0,4.0,10.0,33.0,,48.0,,61.0,,48.0,,29.0,27.0,,,,28.0,40.0,3555
17,,6.0,13.0,26.0,1.0,2.0,,,43.0,,49.0,,79.0,44.0,31.0,22.0,,,,39.0,37.0,3557
18,5.0,4.0,16.0,25.0,,6.0,43.0,40.0,49.0,,62.0,,,,27.0,30.0,17.0,,,21.0,36.0,3558
19,2.0,7.0,19.0,32.0,,3.0,,,48.0,,55.0,,71.0,36.0,28.0,27.0,,,,33.0,42.0,3560
20,5.0,10.0,5.0,45.0,,5.0,85.0,,50.0,60.0,95.0,,80.0,,,50.0,,25.0,,25.0,50.0,3561
21,3.0,6.0,21.0,21.0,,15.0,25.0,,59.0,,53.0,,40.0,,37.0,21.0,,,,31.0,43.0,3566
22,2.0,12.0,9.0,21.0,4.0,,48.0,,41.0,,60.0,,65.0,,19.0,29.0,21.0,,,21.0,31.0,3568
23,,12.0,30.0,46.0,6.0,9.0,,,42.0,,46.0,42.0,51.0,47.0,31.0,21.0,,,,33.0,40.0,3569
24,,7.0,14.0,33.0,7.0,4.0,,,,28.0,61.0,30.0,66.0,54.0,23.0,21.0,,,26.0,,38.0,3570
25,,9.0,21.0,34.0,4.0,4.0,,,42.0,,44.0,28.0,64.0,54.0,32.0,19.0,,,,37.0,39.0,3572
26,,5.0,13.0,25.0,2.0,,27.0,,,,63.0,,88.0,50.0,36.0,33.0,,,,44.0,58.0,3573
27,15.0,30.0,23.0,53.0,,7.0,,,76.0,,84.0,53.0,92.0,53.0,,38.0,,,30.0,53.0,53.0,3574
28,,6.0,17.0,32.0,3.0,11.0,,,50.0,,46.0,,47.0,34.0,32.0,20.0,,,,41.0,41.0,3576
29,,8.0,19.0,35.0,3.0,5.0,,,45.0,,45.0,27.0,52.0,45.0,29.0,20.0,,,,34.0,39.0,3577
30,,6.0,17.0,32.0,3.0,11.0,,,50.0,,46.0,,47.0,34.0,32.0,20.0,,,,41.0,41.0,3578
31,8.0,,20.0,36.0,12.0,16.0,,52.0,52.0,,72.0,,,,,28.0,28.0,16.0,32.0,,24.0,3581
32,10.0,20.0,15.0,20.0,,20.0,,,60.0,,40.0,40.0,70.0,,,40.0,,,20.0,25.0,,3583
33,,10.0,23.0,36.0,8.0,8.0,32.0,,55.0,,48.0,,24.0,,33.0,25.0,,,,31.0,41.0,3584
34,4.0,5.0,15.0,29.0,,6.0,,42.0,41.0,,62.0,,43.0,,28.0,27.0,14.0,,,21.0,36.0,3585
35,6.0,8.0,8.0,12.0,,8.0,,44.0,34.0,,42.0,,40.0,,16.0,26.0,,12.0,,14.0,28.0,3587
36,,5.0,13.0,30.0,3.0,5.0,,42.0,66.0,,69.0,,49.0,,45.0,35.0,16.0,,,20.0,37.0,3588
37,,8.0,18.0,34.0,4.0,7.0,37.0,43.0,54.0,,57.0,,,,29.0,28.0,13.0,,,25.0,38.0,3589
38,,4.0,10.0,16.0,8.0,4.0,,,57.0,28.0,73.0,44.0,79.0,,32.0,30.0,,,,36.0,34.0,3590
39,5.0,2.0,10.0,21.0,,5.0,49.0,,59.0,,62.0,,50.0,,24.0,31.0,21.0,,,,32.0,3592
40,1.0,4.0,5.0,21.0,2.0,,,,40.0,,33.0,,70.0,40.0,22.0,23.0,,,,28.0,38.0,3596
41,4.0,10.0,18.0,27.0,,5.0,,,50.0,,50.0,,66.0,45.0,31.0,22.0,,,,32.0,40.0,3597
42,3.0,3.0,11.0,18.0,,11.0,44.0,,62.0,,70.0,,59.0,,22.0,37.0,,,,25.0,40.0,3599
43,7.0,13.0,18.0,36.0,,14.0,30.0,,50.0,,46.0,,59.0,,32.0,27.0,,,,36.0,39.0,3600
44,,6.0,14.0,23.0,4.0,6.0,29.0,,53.0,,53.0,,61.0,,26.0,24.0,,,,27.0,33.0,3601
45,7.0,2.0,7.0,15.0,,7.0,,,57.0,,71.0,44.0,81.0,,39.0,34.0,,,,34.0,50.0,3603
46,2.0,7.0,11.0,24.0,,4.0,,,60.0,,58.0,,72.0,29.0,16.0,24.0,,,,32.0,31.0,3604
47,6.0,5.0,10.0,30.0,,6.0,52.0,54.0,,49.0,61.0,,,,20.0,30.0,16.0,,,17.0,32.0,3610
48,3.0,7.0,11.0,22.0,,,48.0,51.0,,29.0,55.0,,,,,37.0,,,,40.0,37.0,3612
49,,,21.0,34.0,,8.0,47.0,56.0,43.0,,56.0,,,,34.0,30.0,,,,39.0,69.0,3613
50,7.0,7.0,12.0,20.0,,5.0,,60.0,46.0,,63.0,,45.0,,33.0,35.0,20.0,,,22.0,36.0,3614
51,,7.0,11.0,34.0,7.0,3.0,,,73.0,,76.0,42.0,100.0,,,34.0,,38.0,,46.0,42.0,3617
52,5.0,3.0,12.0,25.0,3.0,,64.0,,50.0,,72.0,,48.0,,27.0,29.0,,,,25.0,50.0,3619
53,7.0,7.0,38.0,30.0,7.0,,,,46.0,,69.0,,115.0,53.0,,,,38.0,,61.0,38.0,3621
54,10.0,10.0,19.0,37.0,,11.0,,38.0,48.0,,61.0,,47.0,,14.0,21.0,9.0,,,15.0,25.0,3625
55,6.0,13.0,22.0,41.0,,15.0,44.0,44.0,63.0,,68.0,,,,25.0,30.0,14.0,,,22.0,37.0,3627
56,,6.0,8.0,17.0,,2.0,,,66.0,,46.0,44.0,82.0,53.0,26.0,35.0,,,,28.0,37.0,3629
57,,18.0,26.0,36.0,5.0,15.0,,,31.0,,31.0,,39.0,39.0,39.0,18.0,,,,52.0,44.0,3630
58,5.0,,13.0,24.0,4.0,4.0,,,48.0,,55.0,,69.0,30.0,25.0,24.0,,,,30.0,33.0,3632
59,2.0,8.0,21.0,40.0,,8.0,40.0,42.0,70.0,,34.0,,,,31.0,23.0,19.0,,,36.0,57.0,3635
60,,9.0,15.0,24.0,7.0,10.0,32.0,41.0,49.0,,47.0,,,,35.0,31.0,20.0,,,19.0,41.0,3636
61,9.0,6.0,7.0,17.0,,6.0,,21.0,,25.0,34.0,,31.0,,14.0,18.0,10.0,,,14.0,18.0,3639
62,,12.0,50.0,41.0,4.0,,41.0,,79.0,,66.0,,95.0,37.0,25.0,29.0,,,,29.0,45.0,3640
63,,14.0,3.0,32.0,3.0,,,,57.0,39.0,67.0,,67.0,,17.0,28.0,,,,14.0,35.0,3644
64,,8.0,8.0,33.0,,,,,,33.0,79.0,,83.0,37.0,33.0,,,,,58.0,41.0,3645
65,3.0,16.0,16.0,32.0,,9.0,,,48.0,,54.0,29.0,54.0,,25.0,22.0,,16.0,,29.0,25.0,3646
66,2.0,6.0,11.0,18.0,2.0,,58.0,41.0,41.0,,46.0,,,,20.0,23.0,11.0,,,13.0,39.0,3649
67,3.0,15.0,17.0,26.0,,12.0,,,43.0,,48.0,,39.0,,34.0,26.0,,,,31.0,41.0,3654
68,2.0,1.0,5.0,14.0,,4.0,,,32.0,,42.0,26.0,85.0,53.0,26.0,30.0,,,,38.0,41.0,3657
69,2.0,8.0,17.0,36.0,2.0,,,,63.0,,55.0,,85.0,46.0,38.0,31.0,,,,38.0,38.0,3659
70,3.0,,23.0,40.0,,3.0,,,53.0,,53.0,,73.0,43.0,,23.0,,,20.0,20.0,36.0,3661
71,8.0,12.0,34.0,46.0,,10.0,46.0,,63.0,,65.0,,85.0,,34.0,36.0,,,36.0,42.0,51.0,3662
72,6.0,10.0,24.0,55.0,,10.0,41.0,,62.0,,48.0,,,,37.0,20.0,,,,31.0,44.0,3663
73,,4.0,17.0,34.0,13.0,8.0,34.0,,,,47.0,,39.0,34.0,34.0,34.0,,,,,52.0,3664
74,8.0,4.0,12.0,33.0,4.0,,,,45.0,20.0,41.0,20.0,66.0,,33.0,33.0,,,,50.0,37.0,3666
75,,13.0,20.0,40.0,6.0,6.0,33.0,,40.0,,40.0,,66.0,,46.0,,,,,53.0,46.0,3667
76,1.0,6.0,12.0,22.0,,3.0,41.0,,,50.0,53.0,,48.0,,29.0,29.0,,,,29.0,43.0,3668
77,,6.0,18.0,29.0,4.0,5.0,25.0,,43.0,,47.0,,48.0,,26.0,21.0,,,,24.0,34.0,3669
78,5.0,8.0,14.0,25.0,,6.0,,,43.0,,42.0,27.0,55.0,28.0,25.0,18.0,,,,26.0,30.0,3670
79,10.0,16.0,20.0,36.0,6.0,,,,26.0,,23.0,,73.0,50.0,,23.0,,,23.0,40.0,40.0,3674
80,4.0,5.0,5.0,11.0,,4.0,,52.0,,43.0,61.0,,42.0,,16.0,28.0,19.0,,,22.0,23.0,3677
81,5.0,7.0,14.0,24.0,,5.0,,36.0,53.0,,57.0,,50.0,,21.0,26.0,13.0,,,15.0,24.0,3678
82,6.0,,13.0,17.0,,6.0,,,58.0,44.0,79.0,,62.0,,37.0,41.0,13.0,,,24.0,41.0,3679
83,20.0,4.0,16.0,24.0,,12.0,,40.0,56.0,,64.0,,72.0,,28.0,,16.0,,16.0,28.0,36.0,3680
84,4.0,4.0,4.0,33.0,,23.0,33.0,,52.0,,42.0,,33.0,,,19.0,,,,23.0,33.0,3684
85,14.0,4.0,9.0,28.0,,9.0,,,47.0,,66.0,26.0,80.0,,23.0,23.0,,,,26.0,47.0,3686
86,3.0,3.0,16.0,28.0,,4.0,33.0,,51.0,,57.0,,62.0,,30.0,25.0,,,,26.0,34.0,3688
87,15.0,7.0,7.0,23.0,,,46.0,34.0,,,42.0,,61.0,,,23.0,23.0,,,26.0,30.0,3690
88,6.0,12.0,30.0,34.0,,12.0,,,48.0,,65.0,,67.0,48.0,26.0,20.0,,,,38.0,34.0,3693
89,,12.0,26.0,42.0,5.0,8.0,,,35.0,,45.0,36.0,59.0,51.0,33.0,23.0,,,,38.0,42.0,3694
90,,10.0,22.0,40.0,3.0,6.0,33.0,,53.0,,63.0,,52.0,,33.0,26.0,,,,28.0,41.0,3695
91,,,13.0,27.0,,,,45.0,45.0,,68.0,,50.0,,27.0,45.0,,,,31.0,54.0,3699
92,4.0,4.0,13.0,35.0,2.0,,35.0,,60.0,,44.0,,55.0,,24.0,,,,,35.0,35.0,3701
93,0.0,7.0,11.0,20.0,0.0,,,,44.0,,45.0,26.0,64.0,41.0,25.0,23.0,,,,46.0,39.0,3704
94,,4.0,17.0,34.0,,,,,47.0,,39.0,,78.0,69.0,,30.0,,,39.0,26.0,39.0,3705
95,3.0,,6.0,15.0,3.0,3.0,,,40.0,,37.0,31.0,78.0,46.0,,31.0,,,21.0,37.0,25.0,3707
96,7.0,9.0,16.0,16.0,,11.0,43.0,,75.0,,62.0,,54.0,,16.0,28.0,,,,24.0,30.0,3708
97,,8.0,12.0,22.0,2.0,,43.0,,45.0,,64.0,,70.0,,27.0,,,,25.0,29.0,33.0,3710
98,4.0,3.0,4.0,32.0,3.0,,,,41.0,,53.0,,69.0,,20.0,19.0,,,,35.0,27.0,3711
99,4.0,5.0,12.0,27.0,3.0,,30.0,,44.0,,54.0,,67.0,,23.0,26.0,13.0,,,29.0,34.0,3713
100,2.0,7.0,9.0,34.0,2.0,,,,34.0,,46.0,,60.0,46.0,39.0,31.0,,,,68.0,56.0,3714
101,3.0,4.0,14.0,28.0,,5.0,,,48.0,,60.0,41.0,74.0,36.0,25.0,28.0,,,,29.0,36.0,3715
102,6.0,16.0,20.0,38.0,6.0,,,40.0,57.0,,51.0,,40.0,,36.0,32.0,24.0,,,36.0,48.0,3716
103,,10.0,19.0,36.0,3.0,5.0,,,44.0,,48.0,33.0,60.0,52.0,31.0,19.0,,,,37.0,43.0,3717
104,4.0,8.0,22.0,32.0,,,,,,,42.0,26.0,79.0,65.0,28.0,20.0,,,,32.0,34.0,3718
105,4.0,7.0,13.0,30.0,3.0,,33.0,,43.0,,55.0,,62.0,,28.0,26.0,,,,26.0,35.0,3719
106,,11.0,44.0,55.0,5.0,,,,61.0,,72.0,33.0,61.0,55.0,66.0,33.0,,,,44.0,83.0,3720
107,2.0,1.0,12.0,19.0,2.0,,,,58.0,,44.0,,71.0,28.0,23.0,25.0,,,,19.0,37.0,3722
108,,4.0,17.0,24.0,3.0,3.0,,,45.0,,46.0,,69.0,47.0,24.0,23.0,,,,27.0,34.0,3725
109,1.0,5.0,14.0,19.0,,3.0,,,39.0,21.0,25.0,,73.0,44.0,25.0,14.0,,,,19.0,23.0,3726
110,,,42.0,31.0,,,,,31.0,,47.0,42.0,47.0,42.0,36.0,26.0,,,,36.0,47.0,3727
111,,10.0,23.0,34.0,6.0,6.0,,,47.0,,55.0,29.0,54.0,,23.0,16.0,,,,23.0,34.0,3728
112,,7.0,22.0,36.0,3.0,4.0,,,47.0,,50.0,,54.0,36.0,32.0,25.0,,,,37.0,37.0,3729
113,,2.0,14.0,14.0,,2.0,,,34.0,,57.0,25.0,62.0,,37.0,20.0,,,,25.0,34.0,3731
114,,9.0,33.0,47.0,9.0,4.0,,38.0,57.0,,33.0,,,42.0,57.0,,,,,71.0,42.0,3734
115,,5.0,18.0,30.0,5.0,3.0,,,44.0,,47.0,29.0,58.0,46.0,33.0,21.0,,,,38.0,41.0,3736
116,10.0,5.0,15.0,21.0,,5.0,26.0,,26.0,,52.0,,84.0,,31.0,,,,,36.0,36.0,3739
117,,19.0,23.0,42.0,14.0,4.0,,,52.0,,61.0,33.0,95.0,52.0,28.0,33.0,,,,28.0,47.0,3741
118,4.0,5.0,13.0,24.0,,4.0,,,43.0,,44.0,31.0,82.0,52.0,29.0,20.0,,,,39.0,39.0,3742
119,5.0,5.0,12.0,19.0,,6.0,,,65.0,40.0,70.0,,58.0,,26.0,33.0,16.0,,,26.0,34.0,3744
120,,9.0,22.0,33.0,7.0,3.0,,,45.0,,45.0,33.0,67.0,45.0,39.0,28.0,,,,35.0,35.0,3745
121,,,3.0,38.0,3.0,,,,42.0,23.0,38.0,,73.0,,23.0,,,,,38.0,26.0,3746
122,2.0,,20.0,31.0,,2.0,,,48.0,,54.0,,74.0,34.0,25.0,28.0,,,,25.0,40.0,3748
123,4.0,,18.0,20.0,8.0,6.0,,,62.0,,54.0,,89.0,54.0,33.0,33.0,,,,50.0,50.0,3749
124,,12.0,48.0,64.0,8.0,8.0,,,68.0,,68.0,,28.0,40.0,28.0,28.0,,,,32.0,56.0,3750
125,,8.0,20.0,36.0,4.0,5.0,,,51.0,,55.0,,61.0,37.0,29.0,24.0,,,,30.0,40.0,3754
126,,4.0,13.0,25.0,1.0,2.0,,,56.0,,60.0,27.0,73.0,,29.0,30.0,,,,27.0,38.0,3756
127,,10.0,27.0,31.0,7.0,7.0,,,52.0,37.0,55.0,,46.0,,29.0,26.0,18.0,,,28.0,38.0,3757
128,,4.0,10.0,17.0,4.0,7.0,,,51.0,,56.0,,71.0,44.0,15.0,19.0,,,,21.0,29.0,3758
129,3.0,7.0,11.0,26.0,4.0,,31.0,,52.0,,59.0,,60.0,,32.0,30.0,,,,34.0,40.0,3759
130,3.0,,3.0,12.0,9.0,3.0,43.0,75.0,46.0,,56.0,,,,25.0,28.0,12.0,,,21.0,46.0,3760
131,,7.0,19.0,35.0,4.0,8.0,37.0,,58.0,,64.0,,52.0,,34.0,29.0,,,,30.0,48.0,3761
132,4.0,6.0,16.0,31.0,,7.0,40.0,,54.0,,59.0,,50.0,,30.0,28.0,,,,28.0,38.0,3762
133,3.0,6.0,15.0,37.0,,3.0,,,50.0,,56.0,31.0,65.0,34.0,43.0,15.0,,,,46.0,56.0,3763
134,2.0,,11.0,33.0,2.0,4.0,,,58.0,,60.0,,70.0,,25.0,38.0,20.0,,,34.0,37.0,3764
135,,7.0,16.0,27.0,2.0,3.0,,,46.0,,46.0,30.0,88.0,70.0,19.0,20.0,,,,43.0,43.0,3765
136,,6.0,25.0,46.0,10.0,6.0,39.0,,59.0,,69.0,,46.0,,40.0,31.0,,,,31.0,52.0,3766
137,,6.0,24.0,30.0,3.0,9.0,,,45.0,,42.0,,66.0,39.0,,36.0,,,36.0,36.0,45.0,3767
138,,2.0,13.0,18.0,3.0,4.0,,35.0,42.0,,70.0,,60.0,,31.0,31.0,,,19.0,25.0,39.0,3768
139,4.0,6.0,18.0,25.0,,6.0,37.0,,49.0,,65.0,,54.0,,26.0,26.0,,16.0,,27.0,44.0,3769
140,3.0,13.0,34.0,27.0,,10.0,,37.0,62.0,,44.0,,34.0,,31.0,34.0,,,,,37.0,3771
141,1.0,,13.0,22.0,4.0,2.0,,,43.0,,47.0,,91.0,40.0,31.0,32.0,,,,40.0,46.0,3773
142,5.0,8.0,6.0,20.0,,8.0,,,58.0,,50.0,,71.0,35.0,31.0,18.0,,,,16.0,25.0,3775
143,3.0,7.0,10.0,21.0,1.0,,29.0,,50.0,,53.0,,66.0,,23.0,27.0,,,,35.0,34.0,3777
144,4.0,8.0,35.0,31.0,7.0,,,,55.0,,50.0,,58.0,35.0,30.0,31.0,,,,42.0,54.0,3779
145,3.0,11.0,16.0,39.0,,8.0,,,50.0,,51.0,,57.0,33.0,35.0,34.0,,,,24.0,42.0,3781
146,3.0,9.0,3.0,12.0,,9.0,59.0,,59.0,,90.0,,75.0,,18.0,21.0,,15.0,,15.0,,3782
147,3.0,6.0,14.0,25.0,,4.0,,,40.0,29.0,57.0,,61.0,,30.0,32.0,,,,34.0,39.0,3783
148,,,8.0,14.0,11.0,2.0,45.0,,65.0,,60.0,,82.0,,31.0,34.0,,,,34.0,48.0,3786
149,,8.0,17.0,28.0,5.0,7.0,,,50.0,,53.0,,58.0,38.0,24.0,23.0,,,,27.0,32.0,3787
150,,17.0,27.0,35.0,12.0,17.0,,45.0,52.0,,62.0,,,,42.0,37.0,20.0,,,30.0,57.0,3788
151,1.0,5.0,19.0,19.0,,,,36.0,48.0,,57.0,,51.0,,25.0,28.0,,13.0,,34.0,32.0,3792
152,3.0,10.0,5.0,15.0,,1.0,37.0,,57.0,,52.0,,79.0,,27.0,27.0,,,,30.0,38.0,3794
153,4.0,5.0,17.0,31.0,,4.0,,,52.0,,56.0,,53.0,26.0,34.0,29.0,,,,45.0,38.0,3795
154,3.0,14.0,14.0,25.0,,3.0,40.0,,62.0,,70.0,,51.0,,25.0,25.0,,25.0,,29.0,33.0,3797
155,,7.0,18.0,30.0,3.0,5.0,,,47.0,,55.0,,63.0,40.0,29.0,23.0,,,,32.0,40.0,3799
156,4.0,8.0,11.0,26.0,,7.0,34.0,,46.0,,59.0,,57.0,,25.0,22.0,,,,27.0,32.0,3801
157,,6.0,16.0,22.0,2.0,3.0,,28.0,55.0,,59.0,,51.0,,27.0,28.0,,,,28.0,35.0,3802
158,3.0,12.0,12.0,12.0,,,32.0,29.0,,41.0,70.0,,64.0,,32.0,35.0,19.0,,,32.0,41.0,3803
159,3.0,6.0,15.0,25.0,3.0,,,30.0,48.0,,57.0,,51.0,,33.0,32.0,,14.0,,29.0,41.0,3807
160,4.0,,11.0,27.0,2.0,9.0,30.0,,44.0,,58.0,,62.0,,23.0,27.0,,,,23.0,39.0,3808
161,,9.0,20.0,37.0,6.0,7.0,,,45.0,,51.0,,60.0,45.0,31.0,20.0,,,,36.0,42.0,3809
162,7.0,7.0,7.0,29.0,2.0,,,,,,58.0,31.0,65.0,,21.0,,,,14.0,14.0,14.0,3810
163,1.0,1.0,12.0,24.0,1.0,,,,37.0,,62.0,,66.0,,22.0,24.0,,,,37.0,38.0,3811
164,3.0,4.0,14.0,30.0,,3.0,,,57.0,,50.0,,56.0,,30.0,20.0,,,,34.0,41.0,3812
165,1.0,5.0,19.0,19.0,,,,36.0,48.0,,57.0,,51.0,,25.0,28.0,,13.0,,34.0,32.0,3814
166,1.0,5.0,10.0,26.0,,4.0,,,57.0,,70.0,33.0,60.0,,32.0,32.0,,,,29.0,45.0,3816
167,,12.0,12.0,45.0,8.0,12.0,,,,,66.0,,62.0,45.0,29.0,25.0,,20.0,,29.0,29.0,3817
168,,,31.0,31.0,5.0,15.0,42.0,52.0,42.0,,36.0,,,,42.0,,,,15.0,21.0,26.0,3820
169,,14.0,20.0,44.0,11.0,17.0,61.0,,67.0,47.0,67.0,,,,38.0,26.0,,,,26.0,44.0,3823
170,,,18.0,13.0,,2.0,,,18.0,,62.0,56.0,64.0,67.0,,,,,,67.0,56.0,3825
171,4.0,4.0,21.0,21.0,4.0,,,,43.0,,47.0,,86.0,47.0,,34.0,,,,30.0,52.0,3826
172,6.0,3.0,9.0,38.0,,3.0,,32.0,51.0,,64.0,,51.0,,19.0,32.0,,16.0,,,32.0,3828
173,4.0,5.0,12.0,22.0,,4.0,39.0,,55.0,,56.0,,50.0,,21.0,25.0,12.0,,,23.0,30.0,3832
174,,9.0,22.0,39.0,4.0,7.0,,,46.0,,51.0,36.0,63.0,53.0,29.0,22.0,,,,36.0,39.0,3837
175,,6.0,18.0,29.0,1.0,4.0,,,40.0,,50.0,37.0,68.0,50.0,28.0,21.0,,,,31.0,38.0,3838
176,,9.0,21.0,31.0,5.0,7.0,32.0,,52.0,,60.0,,48.0,,26.0,28.0,,,,26.0,38.0,3840
177,,6.0,13.0,30.0,4.0,2.0,36.0,,51.0,,65.0,,35.0,,37.0,32.0,,,,30.0,50.0,3841
178,6.0,11.0,20.0,25.0,,5.0,,,48.0,,63.0,,69.0,38.0,19.0,21.0,,,,20.0,24.0,3842
179,,10.0,25.0,35.0,14.0,7.0,,,35.0,32.0,53.0,35.0,32.0,,35.0,,,,,32.0,42.0,3843
180,,6.0,15.0,28.0,4.0,4.0,32.0,,47.0,,60.0,,69.0,,,41.0,,26.0,,34.0,41.0,3844
181,3.0,3.0,10.0,16.0,,3.0,43.0,50.0,56.0,,60.0,,,,20.0,33.0,,,20.0,26.0,30.0,3846
182,7.0,8.0,11.0,28.0,5.0,,,,47.0,,60.0,,83.0,28.0,23.0,32.0,,,,36.0,35.0,3847
183,3.0,3.0,18.0,29.0,,3.0,,,59.0,,55.0,33.0,74.0,,25.0,,,,,37.0,29.0,3849
184,2.0,2.0,16.0,24.0,4.0,,,,48.0,,57.0,,85.0,59.0,,30.0,,,34.0,38.0,44.0,3850
185,,3.0,18.0,32.0,5.0,5.0,,,50.0,,57.0,27.0,58.0,,25.0,24.0,,,,28.0,37.0,3851
186,,14.0,19.0,14.0,,,,,28.0,,52.0,38.0,90.0,66.0,23.0,23.0,,,,38.0,23.0,3852
187,4.0,4.0,12.0,24.0,,4.0,,,53.0,29.0,52.0,,75.0,,29.0,29.0,,15.0,,24.0,30.0,3856
188,3.0,5.0,3.0,13.0,3.0,,,,20.0,24.0,42.0,,84.0,,41.0,31.0,,,,48.0,51.0,3857
189,,4.0,6.0,20.0,,,,,25.0,,48.0,,76.0,37.0,51.0,27.0,,,,46.0,41.0,3858
190,5.0,5.0,5.0,18.0,,5.0,,,23.0,42.0,63.0,,76.0,,47.0,36.0,,,,57.0,52.0,3859
191,4.0,2.0,7.0,26.0,,7.0,,36.0,,43.0,39.0,,53.0,,39.0,39.0,,,,43.0,48.0,3861
192,2.0,4.0,15.0,22.0,,2.0,,,21.0,35.0,41.0,,75.0,30.0,44.0,25.0,,,,44.0,44.0,3864
193,4.0,5.0,14.0,19.0,,7.0,,,46.0,,53.0,,67.0,29.0,22.0,22.0,,,,43.0,35.0,3867
194,3.0,3.0,15.0,39.0,,6.0,,,40.0,,48.0,27.0,81.0,55.0,28.0,21.0,,,,45.0,46.0,3869
195,15.0,5.0,15.0,12.0,,17.0,,,62.0,,65.0,37.0,55.0,,40.0,42.0,,25.0,,37.0,40.0,3870
196,5.0,7.0,15.0,32.0,,7.0,,,43.0,,49.0,34.0,70.0,,23.0,29.0,,19.0,,21.0,35.0,3871
197,2.0,9.0,21.0,33.0,,5.0,,32.0,43.0,,56.0,,42.0,,27.0,22.0,12.0,,,20.0,31.0,3874
198,6.0,,19.0,30.0,6.0,9.0,47.0,51.0,52.0,,69.0,,,,30.0,36.0,21.0,,,19.0,40.0,3879
199,5.0,4.0,13.0,21.0,,3.0,,43.0,50.0,,63.0,,47.0,,21.0,28.0,16.0,,,19.0,31.0,3880
200,2.0,2.0,9.0,14.0,0.0,,,,24.0,33.0,33.0,,63.0,,36.0,25.0,,,,39.0,42.0,3881
201,2.0,4.0,33.0,47.0,8.0,,,39.0,56.0,,50.0,,35.0,,45.0,33.0,,,,52.0,47.0,3883
202,3.0,4.0,14.0,25.0,,5.0,,38.0,47.0,,70.0,,46.0,,28.0,34.0,17.0,,,26.0,36.0,3886
203,2.0,2.0,,10.0,,2.0,36.0,,44.0,,65.0,,60.0,,21.0,23.0,,,18.0,23.0,26.0,3888
204,3.0,3.0,11.0,25.0,,3.0,,,53.0,30.0,69.0,,51.0,,34.0,15.0,,,,25.0,30.0,3890
205,,6.0,16.0,32.0,5.0,6.0,48.0,53.0,50.0,,55.0,,,,33.0,30.0,18.0,,,30.0,47.0,3895
206,,12.0,22.0,33.0,7.0,11.0,,44.0,46.0,,54.0,,,,29.0,25.0,,,,20.0,38.0,3897
207,2.0,5.0,23.0,31.0,,3.0,,,52.0,,57.0,,57.0,42.0,36.0,25.0,,,,47.0,50.0,3898
208,10.0,,20.0,20.0,,15.0,70.0,85.0,70.0,,70.0,,,,,45.0,,,30.0,40.0,50.0,3899
209,4.0,7.0,11.0,28.0,,4.0,,32.0,50.0,,60.0,,63.0,,18.0,19.0,17.0,,,31.0,35.0,3902
210,2.0,10.0,10.0,13.0,3.0,,18.0,,,34.0,41.0,,54.0,,35.0,28.0,,,,40.0,36.0,3903
211,,10.0,25.0,39.0,6.0,10.0,,,49.0,,56.0,33.0,54.0,,32.0,25.0,,,,32.0,41.0,3904
212,10.0,7.0,10.0,27.0,,5.0,,,40.0,,50.0,40.0,80.0,,30.0,35.0,,,35.0,37.0,32.0,3905
213,,4.0,17.0,27.0,5.0,4.0,27.0,,52.0,,62.0,,61.0,,36.0,32.0,,,,38.0,44.0,3906
214,11.0,9.0,13.0,31.0,,13.0,,,61.0,,56.0,,56.0,29.0,29.0,22.0,,,,25.0,27.0,3908
215,5.0,10.0,10.0,18.0,5.0,,,,55.0,,57.0,,89.0,36.0,31.0,39.0,28.0,,,39.0,52.0,3910
216,2.0,6.0,12.0,34.0,2.0,,,,46.0,,50.0,,48.0,,34.0,30.0,,,28.0,28.0,40.0,3911
217,4.0,8.0,18.0,31.0,,5.0,33.0,,53.0,,53.0,,50.0,,30.0,25.0,,,,30.0,38.0,3912
218,8.0,20.0,18.0,26.0,5.0,,,46.0,53.0,,61.0,,43.0,,18.0,21.0,,,11.0,18.0,26.0,3913
219,5.0,11.0,16.0,30.0,,4.0,,,38.0,,41.0,48.0,83.0,73.0,26.0,,,,26.0,43.0,41.0,3914
220,4.0,5.0,16.0,28.0,,4.0,,41.0,49.0,,56.0,,42.0,,28.0,33.0,15.0,,,28.0,37.0,3915
221,5.0,6.0,13.0,27.0,,9.0,,30.0,55.0,,58.0,,48.0,,25.0,24.0,,,,29.0,37.0,3917
222,5.0,3.0,16.0,25.0,6.0,,42.0,44.0,,,67.0,,46.0,,29.0,24.0,15.0,,,30.0,36.0,3918
223,,15.0,21.0,21.0,,,,,31.0,,52.0,47.0,84.0,,36.0,36.0,,,42.0,31.0,26.0,3920
224,6.0,2.0,11.0,21.0,,5.0,,38.0,56.0,,61.0,,57.0,,37.0,36.0,,,,27.0,34.0,3921
225,4.0,6.0,13.0,23.0,,4.0,,,62.0,,62.0,37.0,76.0,,39.0,34.0,,,32.0,39.0,51.0,3925
226,,10.0,15.0,31.0,4.0,4.0,,,41.0,,60.0,34.0,50.0,,29.0,25.0,,,,24.0,34.0,3926
227,,,3.0,26.0,3.0,,,,36.0,26.0,43.0,,40.0,,,23.0,,,16.0,13.0,20.0,3927
228,7.0,6.0,,22.0,5.0,7.0,,,54.0,,59.0,34.0,60.0,,21.0,25.0,,,11.0,20.0,28.0,3928
229,4.0,5.0,15.0,26.0,,4.0,29.0,,50.0,,58.0,,58.0,,24.0,27.0,,,,22.0,35.0,3929
230,9.0,11.0,14.0,21.0,,2.0,52.0,,66.0,,78.0,,64.0,,28.0,45.0,26.0,,,50.0,45.0,3930
231,,,11.0,19.0,,7.0,30.0,,61.0,,80.0,,65.0,,,23.0,,,15.0,30.0,34.0,3935
232,5.0,9.0,17.0,32.0,7.0,,,,36.0,,44.0,,65.0,56.0,37.0,30.0,,,,34.0,38.0,3936
233,9.0,6.0,6.0,22.0,,6.0,45.0,63.0,63.0,,61.0,,,,31.0,27.0,22.0,,,20.0,38.0,3937
234,9.0,9.0,9.0,27.0,6.0,,,46.0,69.0,48.0,72.0,,,,16.0,30.0,,,18.0,,34.0,3938
235,7.0,4.0,16.0,16.0,,8.0,25.0,,43.0,,53.0,,66.0,,23.0,18.0,,,18.0,32.0,33.0,3939
236,4.0,14.0,12.0,22.0,4.0,,,,44.0,,46.0,,81.0,38.0,14.0,12.0,,,,14.0,26.0,3940
237,,7.0,17.0,28.0,3.0,,,,71.0,,75.0,46.0,78.0,50.0,32.0,42.0,,,,32.0,35.0,3942
238,1.0,1.0,16.0,22.0,,3.0,37.0,,40.0,,54.0,,47.0,,22.0,25.0,14.0,,,17.0,38.0,3944
239,4.0,5.0,15.0,24.0,,4.0,39.0,48.0,50.0,,62.0,,,,29.0,34.0,16.0,,,19.0,43.0,3947
240,,12.0,20.0,41.0,10.0,10.0,36.0,,45.0,,44.0,,46.0,,30.0,25.0,,,,34.0,50.0,3948
241,9.0,11.0,21.0,38.0,,21.0,,,40.0,,69.0,,45.0,,18.0,29.0,,,17.0,16.0,33.0,3949
242,3.0,8.0,16.0,33.0,6.0,,,,46.0,,50.0,28.0,80.0,46.0,31.0,31.0,,,,38.0,33.0,3950
243,12.0,,,31.0,12.0,,68.0,,75.0,75.0,112.0,,100.0,,,62.0,,,,43.0,106.0,3951
244,5.0,6.0,15.0,35.0,,12.0,,,37.0,,40.0,,58.0,44.0,28.0,20.0,,,,34.0,29.0,3952
245,5.0,5.0,13.0,25.0,,8.0,38.0,50.0,54.0,,60.0,,,,28.0,32.0,15.0,,,20.0,34.0,3953
246,6.0,5.0,12.0,20.0,,5.0,44.0,53.0,,47.0,53.0,,,,24.0,31.0,16.0,,,23.0,31.0,3954
247,4.0,1.0,6.0,11.0,,1.0,,40.0,46.0,37.0,62.0,,,,25.0,40.0,22.0,,,27.0,41.0,3956
248,11.0,6.0,17.0,31.0,,14.0,,,46.0,,65.0,34.0,60.0,,20.0,14.0,11.0,,,19.0,26.0,3957
249,4.0,2.0,6.0,18.0,,5.0,,,50.0,34.0,60.0,,56.0,,24.0,25.0,,,,24.0,25.0,3959
250,4.0,2.0,6.0,11.0,,4.0,,38.0,31.0,,50.0,,30.0,,20.0,24.0,13.0,,,16.0,28.0,3960
251,5.0,3.0,21.0,32.0,,7.0,35.0,,55.0,,57.0,,66.0,,23.0,30.0,,,,33.0,35.0,3964
252,7.0,4.0,13.0,25.0,,7.0,46.0,47.0,59.0,,52.0,,,,20.0,29.0,,12.0,,21.0,28.0,3965
253,,7.0,15.0,34.0,,,,,50.0,,42.0,26.0,65.0,34.0,30.0,30.0,,,,46.0,50.0,3969
254,5.0,2.0,9.0,17.0,,5.0,32.0,,46.0,,64.0,,64.0,,20.0,21.0,,,,22.0,27.0,3970
255,1.0,3.0,27.0,36.0,,3.0,,,41.0,29.0,48.0,,62.0,,37.0,17.0,,,,25.0,41.0,3972
256,0.0,1.0,10.0,32.0,,1.0,,,41.0,,52.0,,77.0,46.0,22.0,24.0,,,,34.0,41.0,3973
257,2.0,8.0,21.0,26.0,,2.0,,,45.0,,52.0,39.0,63.0,,23.0,23.0,,,15.0,28.0,21.0,3974
258,3.0,4.0,12.0,22.0,,3.0,,,49.0,,58.0,35.0,77.0,37.0,33.0,,,,20.0,37.0,35.0,3976
259,2.0,3.0,13.0,15.0,3.0,,,,55.0,23.0,51.0,,57.0,,26.0,25.0,,,,39.0,35.0,3977
260,2.0,10.0,22.0,29.0,,3.0,,,43.0,,52.0,34.0,76.0,48.0,25.0,18.0,,,,24.0,35.0,3978
261,3.0,2.0,10.0,31.0,,10.0,,,49.0,,38.0,,71.0,46.0,37.0,30.0,,,,40.0,49.0,3980
262,3.0,3.0,10.0,19.0,,2.0,,,35.0,,46.0,35.0,76.0,44.0,21.0,,,,19.0,28.0,36.0,3981
263,3.0,6.0,15.0,27.0,,6.0,28.0,,52.0,,58.0,,57.0,,30.0,26.0,,,,25.0,35.0,3983
264,1.0,6.0,12.0,18.0,,7.0,54.0,67.0,53.0,,59.0,,,,37.0,24.0,21.0,,,16.0,43.0,3984
265,3.0,2.0,18.0,34.0,2.0,,,,32.0,,55.0,31.0,85.0,50.0,18.0,17.0,,,,23.0,38.0,3986
266,13.0,13.0,15.0,26.0,,13.0,,,28.0,,54.0,35.0,77.0,35.0,18.0,20.0,,,,15.0,28.0,3987
267,13.0,,18.0,29.0,,5.0,,43.0,59.0,,56.0,,45.0,,32.0,29.0,,,,21.0,40.0,3988
268,,5.0,18.0,35.0,6.0,11.0,,,48.0,,70.0,33.0,70.0,,13.0,28.0,,,15.0,18.0,35.0,3989
269,2.0,8.0,6.0,21.0,2.0,,,,31.0,,53.0,,70.0,27.0,17.0,17.0,,,,21.0,25.0,3990
270,4.0,3.0,12.0,16.0,3.0,,,47.0,,52.0,58.0,,50.0,,12.0,27.0,18.0,,14.0,,29.0,3991
271,4.0,7.0,19.0,33.0,,3.0,,,42.0,,54.0,,80.0,48.0,27.0,28.0,,,,33.0,36.0,3993
272,5.0,7.0,18.0,30.0,,5.0,,,37.0,,48.0,,70.0,36.0,29.0,26.0,,,,40.0,39.0,3994
273,,5.0,7.0,26.0,1.0,1.0,,,28.0,,38.0,,74.0,38.0,28.0,25.0,,,,32.0,33.0,3995
274,,7.0,17.0,21.0,,,,,71.0,,64.0,,75.0,28.0,,28.0,,,,39.0,42.0,3997
275,,3.0,10.0,27.0,6.0,,,,58.0,,65.0,,75.0,51.0,27.0,34.0,,,,27.0,34.0,4002
276,,4.0,8.0,32.0,,,,,52.0,,52.0,36.0,68.0,44.0,52.0,,,,,56.0,40.0,4003
277,7.0,7.0,11.0,21.0,,6.0,,40.0,70.0,,55.0,,50.0,,24.0,34.0,,20.0,,24.0,36.0,4005
278,13.0,,2.0,11.0,,2.0,,,37.0,,42.0,,60.0,,22.0,17.0,,,,17.0,24.0,4008
279,1.0,5.0,14.0,24.0,2.0,,,,52.0,,59.0,,68.0,37.0,33.0,29.0,,,,38.0,41.0,4010
280,5.0,13.0,20.0,29.0,5.0,,37.0,,51.0,,66.0,,57.0,,36.0,34.0,,18.0,,34.0,51.0,4011
281,8.0,,10.0,17.0,4.0,8.0,34.0,,,36.0,56.0,,54.0,,32.0,39.0,,,,45.0,36.0,4016
282,13.0,18.0,9.0,27.0,,9.0,,,54.0,,54.0,40.0,90.0,,,22.0,,,,36.0,40.0,4017
283,2.0,7.0,38.0,35.0,7.0,,,23.0,48.0,,38.0,,,,43.0,33.0,,,,41.0,48.0,4019
284,2.0,11.0,14.0,41.0,,,,,73.0,,55.0,,94.0,61.0,32.0,29.0,,,,35.0,47.0,4020
285,2.0,4.0,14.0,27.0,,3.0,,,44.0,,49.0,26.0,82.0,47.0,31.0,29.0,,,,46.0,43.0,4021
286,,8.0,19.0,39.0,6.0,9.0,,,39.0,,33.0,29.0,67.0,52.0,29.0,16.0,,,,32.0,40.0,4023
287,5.0,7.0,22.0,34.0,,5.0,33.0,,52.0,,57.0,,54.0,,33.0,35.0,,,,36.0,46.0,4024
288,4.0,7.0,20.0,41.0,,3.0,,,48.0,,55.0,35.0,84.0,53.0,24.0,22.0,,,,39.0,36.0,4026
289,3.0,7.0,17.0,30.0,,4.0,,,54.0,,48.0,,70.0,43.0,29.0,23.0,,,,36.0,39.0,4027
290,3.0,9.0,19.0,26.0,,6.0,,,52.0,,44.0,,54.0,44.0,22.0,16.0,,,,33.0,30.0,4028
291,4.0,11.0,30.0,33.0,6.0,,,,53.0,,44.0,33.0,60.0,53.0,33.0,25.0,,,,46.0,50.0,4031
292,2.0,5.0,15.0,25.0,2.0,,,,50.0,,42.0,25.0,72.0,67.0,,30.0,,,,55.0,35.0,4032
293,8.0,2.0,4.0,14.0,,2.0,47.0,61.0,,50.0,70.0,,,,20.0,39.0,26.0,,19.0,,33.0,4033
294,21.0,7.0,21.0,28.0,,7.0,,,35.0,,42.0,,85.0,35.0,21.0,,,,,,,4036
295,2.0,6.0,16.0,23.0,,6.0,,,45.0,,43.0,29.0,67.0,57.0,27.0,25.0,,,,38.0,42.0,4039
296,7.0,5.0,8.0,22.0,,7.0,41.0,,39.0,,58.0,,47.0,,26.0,30.0,11.0,,,16.0,32.0,4043
297,5.0,3.0,9.0,19.0,3.0,,,,44.0,,46.0,,60.0,27.0,22.0,21.0,,,,28.0,29.0,4050
298,,2.0,12.0,21.0,,,42.0,,36.0,,57.0,38.0,78.0,,31.0,23.0,,,,31.0,29.0,4053
299,,,16.0,26.0,3.0,6.0,40.0,36.0,,50.0,50.0,,,,30.0,26.0,,,,16.0,30.0,4056
300,6.0,3.0,11.0,26.0,,3.0,,,51.0,39.0,56.0,,60.0,,26.0,32.0,16.0,,,30.0,33.0,4057
301,11.0,16.0,16.0,44.0,5.0,,,,50.0,,44.0,,72.0,44.0,,11.0,16.0,16.0,,22.0,,4060
302,2.0,,18.0,17.0,3.0,4.0,,,37.0,,56.0,,45.0,,25.0,30.0,16.0,,,22.0,35.0,4062
303,5.0,5.0,8.0,32.0,,,50.0,50.0,52.0,,73.0,,,,26.0,29.0,20.0,,,11.0,26.0,4064
304,,11.0,3.0,26.0,3.0,,,,38.0,,42.0,50.0,80.0,50.0,,19.0,19.0,,19.0,26.0,19.0,4065
305,12.0,9.0,,16.0,9.0,6.0,,,35.0,48.0,54.0,,48.0,,25.0,29.0,,12.0,,16.0,29.0,4066
306,,11.0,20.0,26.0,2.0,4.0,28.0,,48.0,,51.0,,47.0,,29.0,26.0,,,,28.0,36.0,4067
307,,3.0,13.0,17.0,,6.0,51.0,55.0,68.0,,72.0,,,,27.0,44.0,,,,31.0,48.0,4068
308,11.0,6.0,6.0,13.0,,6.0,61.0,44.0,42.0,,55.0,,44.0,,16.0,20.0,16.0,,,,27.0,4070
309,10.0,10.0,25.0,40.0,,20.0,,,60.0,,45.0,35.0,35.0,,25.0,35.0,,,,40.0,65.0,4072
310,,,5.0,20.0,,1.0,,48.0,,38.0,64.0,,51.0,,18.0,33.0,,18.0,,40.0,37.0,4073
311,6.0,5.0,12.0,22.0,,6.0,41.0,57.0,45.0,,50.0,,,,22.0,26.0,16.0,,,18.0,31.0,4074
312,6.0,,16.0,30.0,9.0,9.0,34.0,44.0,60.0,,60.0,,,,32.0,45.0,23.0,,,35.0,44.0,4077
313,5.0,3.0,10.0,11.0,4.0,,36.0,35.0,39.0,,58.0,,,,19.0,22.0,15.0,,,17.0,30.0,4078
314,4.0,5.0,14.0,25.0,,4.0,33.0,,55.0,,54.0,,53.0,,27.0,24.0,,,,22.0,38.0,4082
315,2.0,,24.0,41.0,12.0,4.0,,,50.0,,58.0,,57.0,34.0,36.0,28.0,,,,32.0,42.0,4083
316,3.0,6.0,24.0,31.0,,10.0,,,43.0,,39.0,36.0,50.0,,29.0,20.0,,,,39.0,34.0,4084
317,4.0,17.0,26.0,34.0,,7.0,26.0,,43.0,,51.0,,53.0,,26.0,24.0,,,,19.0,19.0,4087
318,,9.0,17.0,32.0,5.0,6.0,38.0,56.0,55.0,,59.0,,,,24.0,32.0,18.0,,,24.0,37.0,4090
319,7.0,2.0,12.0,12.0,5.0,,,,35.0,28.0,41.0,,43.0,,17.0,30.0,,,12.0,25.0,35.0,4093
320,6.0,4.0,9.0,23.0,,20.0,41.0,,55.0,,37.0,,41.0,,25.0,37.0,18.0,,,34.0,48.0,4094
321,3.0,3.0,33.0,48.0,3.0,,42.0,33.0,,,60.0,36.0,39.0,,30.0,33.0,,,,45.0,45.0,4095
322,2.0,6.0,26.0,30.0,6.0,,,,32.0,,65.0,,77.0,53.0,40.0,28.0,,,,40.0,48.0,4096
323,3.0,3.0,15.0,20.0,,5.0,,,58.0,,36.0,,75.0,41.0,21.0,31.0,,,,38.0,46.0,4097
324,,,39.0,39.0,17.0,13.0,,,65.0,,43.0,,39.0,39.0,43.0,30.0,,,,30.0,60.0,4098
325,9.0,14.0,9.0,14.0,,9.0,,,52.0,,57.0,,57.0,,,23.0,14.0,,,38.0,38.0,4105
326,5.0,12.0,7.0,18.0,,7.0,52.0,50.0,50.0,47.0,65.0,,,,29.0,36.0,,,20.0,32.0,36.0,4106
327,6.0,,6.0,28.0,,,,,37.0,,46.0,,87.0,50.0,34.0,31.0,,25.0,,,37.0,4107
328,,,13.0,30.0,,,,,47.0,,65.0,,69.0,52.0,39.0,34.0,,,,34.0,39.0,4109
329,3.0,7.0,10.0,25.0,,10.0,,,50.0,,46.0,,82.0,60.0,32.0,21.0,,,,39.0,42.0,4110
330,,7.0,24.0,30.0,10.0,3.0,,53.0,77.0,,65.0,,,,32.0,31.0,,,,30.0,39.0,4114
331,4.0,1.0,8.0,20.0,1.0,,40.0,,51.0,,61.0,,70.0,,19.0,26.0,,,,30.0,39.0,4117
332,4.0,9.0,21.0,28.0,,5.0,32.0,,54.0,,62.0,,61.0,,25.0,29.0,,,,29.0,37.0,4118
333,2.0,11.0,15.0,29.0,,2.0,,,38.0,,59.0,45.0,84.0,45.0,29.0,27.0,,,,31.0,34.0,4119
334,4.0,14.0,14.0,33.0,,3.0,,,58.0,27.0,53.0,,78.0,48.0,32.0,37.0,,,,48.0,42.0,4121
335,5.0,,16.0,13.0,,2.0,,,41.0,33.0,63.0,,72.0,,19.0,22.0,,13.0,,,19.0,4126
336,,8.0,23.0,38.0,,11.0,38.0,,55.0,47.0,64.0,,,,20.0,29.0,14.0,,,20.0,55.0,4128
337,4.0,9.0,20.0,32.0,,6.0,,,50.0,,53.0,28.0,54.0,,26.0,25.0,,,,25.0,35.0,4129
338,7.0,3.0,32.0,17.0,17.0,,,39.0,42.0,,57.0,,60.0,,32.0,39.0,,17.0,,46.0,53.0,4130
339,4.0,4.0,9.0,23.0,5.0,,,43.0,45.0,,58.0,,45.0,,29.0,30.0,16.0,,,25.0,43.0,4133
340,4.0,9.0,15.0,27.0,,4.0,34.0,,50.0,36.0,54.0,,84.0,,27.0,31.0,,,,29.0,43.0,4137
341,,6.0,8.0,20.0,2.0,4.0,43.0,,53.0,,70.0,,71.0,,21.0,31.0,16.0,,,25.0,30.0,4138
342,4.0,,8.0,28.0,,,,,30.0,,42.0,26.0,66.0,40.0,24.0,15.0,,,,23.0,24.0,4141
343,6.0,,21.0,34.0,3.0,6.0,34.0,,53.0,,65.0,34.0,68.0,,,34.0,15.0,15.0,,,50.0,4142
344,13.0,26.0,26.0,39.0,,8.0,,,56.0,,39.0,34.0,60.0,,,30.0,,,30.0,34.0,39.0,4144
345,,15.0,15.0,26.0,5.0,,,,42.0,36.0,73.0,,68.0,,,15.0,,,21.0,15.0,,4146
346,6.0,,9.0,12.0,3.0,9.0,37.0,,56.0,,71.0,,59.0,,25.0,21.0,,,,21.0,43.0,4147
347,3.0,2.0,12.0,22.0,,5.0,37.0,49.0,50.0,,62.0,,,,24.0,33.0,19.0,,,,31.0,4148
348,7.0,3.0,17.0,14.0,3.0,,,,53.0,,57.0,,64.0,,,25.0,,,28.0,32.0,32.0,4149
349,4.0,7.0,15.0,28.0,,5.0,,,53.0,,61.0,,50.0,,29.0,27.0,,,,21.0,35.0,4150
350,3.0,7.0,21.0,32.0,,4.0,,,48.0,,52.0,,63.0,32.0,39.0,26.0,,,,44.0,45.0,4152
351,4.0,4.0,20.0,16.0,,4.0,60.0,72.0,52.0,,76.0,,,,,32.0,24.0,12.0,,,28.0,4153
352,,9.0,14.0,33.0,9.0,,33.0,,,,57.0,,57.0,,38.0,28.0,,,33.0,47.0,33.0,4155
353,4.0,10.0,10.0,34.0,,2.0,39.0,,60.0,,47.0,,71.0,,26.0,39.0,,,,30.0,34.0,4156
354,,8.0,19.0,35.0,4.0,5.0,,,57.0,,56.0,,57.0,33.0,30.0,25.0,,,,33.0,41.0,4159
355,,14.0,18.0,40.0,3.0,4.0,,33.0,66.0,,64.0,,49.0,,26.0,27.0,,,,35.0,42.0,4161
356,3.0,,7.0,21.0,3.0,7.0,50.0,,42.0,,71.0,,57.0,,17.0,17.0,,,,,14.0,4163
357,2.0,2.0,11.0,20.0,4.0,,,62.0,48.0,47.0,65.0,,,,19.0,33.0,22.0,15.0,,,26.0,4164
358,5.0,7.0,8.0,19.0,,7.0,35.0,,46.0,,59.0,,74.0,,28.0,30.0,,18.0,,25.0,33.0,4165
359,4.0,4.0,11.0,23.0,,4.0,27.0,,47.0,,50.0,,55.0,,22.0,22.0,,,,19.0,27.0,4168
360,,3.0,11.0,21.0,3.0,4.0,,,40.0,,49.0,,64.0,27.0,25.0,25.0,,,,29.0,33.0,4170
361,3.0,10.0,24.0,41.0,,6.0,,,51.0,,62.0,55.0,82.0,58.0,37.0,34.0,,,,51.0,51.0,4173
362,5.0,5.0,10.0,21.0,8.0,,,35.0,54.0,,61.0,,49.0,,21.0,30.0,,12.0,,19.0,26.0,4175
363,4.0,6.0,15.0,32.0,,5.0,,,47.0,,50.0,,69.0,41.0,30.0,27.0,,,,37.0,41.0,4179
364,,6.0,6.0,28.0,7.0,7.0,,,53.0,,54.0,,71.0,50.0,32.0,25.0,,,,45.0,35.0,4180
365,5.0,7.0,22.0,25.0,,5.0,,,44.0,,46.0,38.0,80.0,59.0,28.0,25.0,,,,38.0,39.0,4181
366,7.0,,19.0,42.0,,3.0,,,57.0,,38.0,26.0,57.0,30.0,,19.0,,,,30.0,26.0,4183
367,3.0,7.0,10.0,21.0,,2.0,31.0,,41.0,,51.0,,49.0,,22.0,25.0,,,12.0,23.0,30.0,4184
368,3.0,5.0,14.0,26.0,,5.0,,44.0,53.0,,61.0,,44.0,,26.0,30.0,15.0,,,23.0,38.0,4187
369,7.0,4.0,12.0,21.0,,4.0,,48.0,54.0,,66.0,,48.0,,21.0,32.0,16.0,,,16.0,33.0,4189
370,,7.0,13.0,33.0,5.0,8.0,,,41.0,,46.0,40.0,73.0,52.0,,26.0,,,26.0,39.0,44.0,4192
371,,,15.0,21.0,3.0,,,,53.0,,62.0,37.0,75.0,40.0,43.0,28.0,,,,37.0,40.0,4193
372,3.0,3.0,7.0,25.0,10.0,,,32.0,,32.0,46.0,,64.0,,53.0,28.0,,,,35.0,35.0,4194
373,,18.0,36.0,36.0,,,,,54.0,,63.0,63.0,81.0,90.0,63.0,54.0,,,,,81.0,4195
374,6.0,6.0,15.0,34.0,,6.0,,,49.0,,50.0,,65.0,34.0,25.0,20.0,,,,24.0,26.0,4196
375,10.0,2.0,5.0,32.0,,5.0,,,42.0,,57.0,30.0,72.0,,35.0,37.0,,,,55.0,60.0,4199
376,,11.0,5.0,44.0,,5.0,,,38.0,,50.0,38.0,66.0,38.0,,22.0,,27.0,,38.0,27.0,4200
377,,7.0,17.0,30.0,3.0,4.0,,,43.0,,46.0,33.0,58.0,48.0,30.0,21.0,,,,34.0,39.0,4201
378,3.0,9.0,9.0,31.0,3.0,,18.0,,46.0,,46.0,,59.0,31.0,18.0,18.0,,,,28.0,31.0,4202
379,,6.0,17.0,28.0,3.0,4.0,,,44.0,,48.0,28.0,61.0,44.0,31.0,20.0,,,,40.0,37.0,4203
380,,8.0,24.0,32.0,2.0,2.0,,,44.0,,45.0,,56.0,36.0,33.0,20.0,,,,39.0,43.0,4205
381,,6.0,14.0,29.0,3.0,3.0,,,56.0,,54.0,,66.0,27.0,35.0,29.0,,,,35.0,41.0,4207
382,4.0,4.0,17.0,39.0,,4.0,26.0,,39.0,,52.0,,78.0,47.0,39.0,34.0,,,,52.0,52.0,4208
383,,8.0,24.0,32.0,2.0,2.0,,,44.0,,45.0,,56.0,36.0,33.0,20.0,,,,39.0,43.0,4209
384,,5.0,19.0,31.0,10.0,6.0,,,57.0,,52.0,,61.0,33.0,28.0,26.0,,,,25.0,42.0,4210
385,,9.0,,31.0,4.0,9.0,,,45.0,,36.0,,72.0,59.0,40.0,54.0,,,,50.0,63.0,4211
386,3.0,,6.0,23.0,,3.0,,,50.0,,73.0,,63.0,43.0,46.0,26.0,,,,40.0,46.0,4212
387,4.0,7.0,13.0,24.0,3.0,,29.0,,51.0,,62.0,,55.0,,29.0,31.0,,,,35.0,39.0,4213
388,,6.0,16.0,27.0,4.0,6.0,,51.0,44.0,36.0,66.0,,,,25.0,30.0,16.0,,,21.0,36.0,4215
389,5.0,7.0,20.0,34.0,4.0,,,,46.0,34.0,54.0,,56.0,,29.0,21.0,12.0,,,21.0,26.0,4216
390,5.0,12.0,15.0,37.0,,12.0,32.0,,47.0,,55.0,,37.0,,20.0,27.0,12.0,,,12.0,32.0,4217
391,3.0,9.0,25.0,34.0,,9.0,34.0,,51.0,,62.0,,46.0,,30.0,27.0,,,,22.0,41.0,4218
392,,14.0,33.0,47.0,9.0,4.0,,,61.0,,57.0,42.0,42.0,,,14.0,,,,57.0,61.0,4219
393,2.0,3.0,12.0,23.0,1.0,,,,51.0,,49.0,,73.0,37.0,25.0,21.0,,,,30.0,33.0,4220
394,4.0,3.0,19.0,25.0,4.0,,,34.0,45.0,,61.0,,47.0,,28.0,25.0,13.0,,,28.0,38.0,4221
395,,6.0,11.0,30.0,1.0,3.0,,50.0,49.0,,64.0,,45.0,,32.0,27.0,15.0,,,26.0,41.0,4223
396,7.0,6.0,16.0,28.0,,9.0,,62.0,45.0,42.0,56.0,,,,28.0,28.0,18.0,,,19.0,36.0,4224
397,3.0,3.0,17.0,25.0,,5.0,60.0,62.0,64.0,,62.0,,,,35.0,41.0,29.0,,,27.0,47.0,4225
398,3.0,12.0,6.0,15.0,3.0,,,,37.0,,36.0,,56.0,20.0,18.0,15.0,,,10.0,18.0,25.0,4227
399,,8.0,13.0,27.0,3.0,6.0,48.0,37.0,55.0,,61.0,,,,35.0,26.0,,,,20.0,40.0,4228
400,6.0,10.0,22.0,28.0,,7.0,37.0,,45.0,41.0,55.0,,,,33.0,30.0,,,,33.0,42.0,4229
401,8.0,,13.0,24.0,4.0,4.0,,,55.0,33.0,66.0,,62.0,,42.0,53.0,22.0,,,26.0,48.0,4230
402,12.0,,37.0,33.0,12.0,4.0,,,54.0,62.0,62.0,,,,33.0,29.0,,,,33.0,41.0,4231
403,6.0,6.0,13.0,29.0,,13.0,36.0,38.0,56.0,,50.0,,,,22.0,43.0,,,,27.0,34.0,4232
404,,9.0,14.0,33.0,4.0,21.0,,30.0,50.0,,35.0,,28.0,30.0,40.0,23.0,,,,45.0,45.0,4233
405,11.0,11.0,25.0,33.0,,7.0,51.0,,59.0,62.0,66.0,,,,29.0,40.0,,,29.0,29.0,48.0,4234
406,,,12.0,20.0,4.0,,,,52.0,,60.0,,80.0,,48.0,40.0,,,,56.0,48.0,4235
407,,6.0,28.0,51.0,8.0,8.0,,,42.0,,57.0,,42.0,37.0,33.0,28.0,20.0,,,20.0,42.0,4237
408,4.0,8.0,21.0,26.0,6.0,,,,45.0,,51.0,42.0,79.0,47.0,27.0,25.0,,,,27.0,34.0,4238
409,6.0,10.0,22.0,31.0,6.0,,,45.0,49.0,,57.0,,36.0,,27.0,29.0,,,,35.0,44.0,4240
410,5.0,5.0,12.0,26.0,,10.0,43.0,51.0,,39.0,61.0,,,,31.0,31.0,14.0,,,26.0,41.0,4241
411,4.0,2.0,13.0,18.0,,2.0,,,40.0,,36.0,31.0,70.0,34.0,20.0,22.0,,,,34.0,38.0,4243
412,3.0,10.0,10.0,14.0,,10.0,57.0,,,57.0,75.0,,57.0,,21.0,32.0,,,,25.0,21.0,4247
413,4.0,,9.0,31.0,,4.0,,,61.0,,68.0,,63.0,,20.0,38.0,,,20.0,25.0,34.0,4249
414,,2.0,24.0,34.0,4.0,,,,34.0,,46.0,21.0,56.0,56.0,34.0,21.0,,,,48.0,53.0,4251
415,,33.0,26.0,53.0,6.0,,,,46.0,33.0,66.0,,73.0,,40.0,40.0,,,,26.0,53.0,4252
416,3.0,10.0,10.0,36.0,,6.0,,,40.0,,53.0,,60.0,,33.0,30.0,,,,,30.0,4253
417,1.0,3.0,13.0,16.0,2.0,,,,22.0,15.0,28.0,,42.0,22.0,,15.0,,15.0,,20.0,26.0,4259
418,4.0,3.0,10.0,17.0,3.0,,,27.0,,37.0,44.0,,54.0,,37.0,25.0,,,,45.0,38.0,4262
419,9.0,12.0,3.0,15.0,6.0,,,,28.0,18.0,31.0,,62.0,,37.0,28.0,,,,31.0,37.0,4263
420,4.0,13.0,13.0,18.0,,4.0,50.0,,59.0,,68.0,,81.0,,31.0,31.0,27.0,,,36.0,45.0,4266
421,2.0,3.0,17.0,24.0,,6.0,,,48.0,,51.0,32.0,65.0,32.0,21.0,19.0,,,,39.0,43.0,4270
422,5.0,,11.0,35.0,,11.0,47.0,,70.0,,105.0,,58.0,,41.0,29.0,,,,52.0,35.0,4271
423,6.0,5.0,9.0,21.0,,8.0,41.0,,48.0,,70.0,,51.0,,20.0,30.0,12.0,,,22.0,36.0,4272
424,,4.0,9.0,31.0,4.0,4.0,31.0,,54.0,,63.0,,68.0,,31.0,27.0,13.0,,,27.0,40.0,4273
425,7.0,3.0,7.0,25.0,,,,53.0,53.0,,71.0,,67.0,,,7.0,,,10.0,10.0,28.0,4275
426,3.0,3.0,11.0,24.0,3.0,,,,49.0,52.0,62.0,,56.0,,35.0,32.0,,,,37.0,45.0,4276
427,4.0,9.0,13.0,9.0,4.0,,,45.0,63.0,45.0,68.0,,,,27.0,22.0,,18.0,,31.0,45.0,4277
428,2.0,8.0,13.0,23.0,,7.0,45.0,41.0,43.0,,70.0,,,,37.0,34.0,14.0,,,17.0,37.0,4278
429,7.0,5.0,12.0,19.0,,8.0,,32.0,50.0,,64.0,,45.0,,23.0,21.0,,16.0,,23.0,33.0,4280
430,3.0,14.0,11.0,55.0,7.0,,40.0,33.0,62.0,,59.0,,,,33.0,48.0,,,,14.0,70.0,4282
431,,15.0,27.0,37.0,5.0,10.0,32.0,,57.0,,60.0,,45.0,,27.0,30.0,,20.0,,,40.0,4283
432,,12.0,20.0,33.0,4.0,5.0,45.0,50.0,49.0,,66.0,,,,32.0,33.0,,,,24.0,43.0,4284
433,7.0,12.0,18.0,38.0,,16.0,43.0,46.0,51.0,,60.0,,,,26.0,25.0,14.0,,,25.0,39.0,4286
434,19.0,14.0,14.0,47.0,,19.0,66.0,85.0,76.0,,71.0,,66.0,,28.0,42.0,28.0,,,33.0,38.0,4287
435,5.0,5.0,13.0,22.0,4.0,,35.0,,64.0,,57.0,,60.0,,28.0,22.0,,21.0,,33.0,34.0,4291
436,,9.0,20.0,33.0,9.0,6.0,36.0,,54.0,,55.0,,46.0,,32.0,26.0,,,,26.0,39.0,4293
437,4.0,6.0,10.0,27.0,6.0,,,33.0,55.0,,53.0,,49.0,,16.0,30.0,,,16.0,24.0,29.0,4294
438,1.0,7.0,21.0,26.0,3.0,,,29.0,42.0,,42.0,,38.0,,26.0,24.0,,,,31.0,35.0,4295
439,,4.0,4.0,39.0,4.0,,47.0,47.0,,,65.0,,52.0,,26.0,26.0,,,,21.0,34.0,4296
440,4.0,6.0,4.0,18.0,,2.0,,32.0,63.0,,55.0,,55.0,,20.0,22.0,,,,32.0,40.0,4299
441,5.0,3.0,16.0,28.0,,7.0,,53.0,48.0,45.0,54.0,,,,27.0,34.0,,,,18.0,41.0,4300
442,,6.0,18.0,33.0,4.0,6.0,,,38.0,,38.0,,61.0,59.0,34.0,20.0,,,,48.0,40.0,4302
443,,2.0,38.0,41.0,2.0,12.0,33.0,30.0,51.0,,,,,33.0,38.0,,,,,43.0,53.0,4305
444,4.0,8.0,21.0,36.0,,8.0,,,47.0,,48.0,,65.0,50.0,32.0,21.0,,,,38.0,41.0,4306
445,,11.0,27.0,49.0,7.0,4.0,,,62.0,,48.0,32.0,50.0,,45.0,32.0,,,,33.0,59.0,4307
446,5.0,6.0,17.0,29.0,4.0,,,40.0,52.0,,73.0,,40.0,,30.0,31.0,,,17.0,22.0,35.0,4309
447,,5.0,24.0,35.0,5.0,20.0,,,50.0,,49.0,,52.0,37.0,28.0,26.0,,,,28.0,50.0,4312
448,8.0,2.0,8.0,18.0,10.0,,,,32.0,35.0,37.0,,51.0,,,18.0,,,,24.0,35.0,4313
449,3.0,8.0,16.0,29.0,,2.0,30.0,,53.0,,62.0,,70.0,,31.0,30.0,,,,35.0,40.0,4314
450,2.0,1.0,9.0,17.0,1.0,,,,45.0,,60.0,,53.0,,22.0,32.0,14.0,,,25.0,32.0,4315
451,2.0,4.0,14.0,16.0,,4.0,,,40.0,,38.0,,59.0,28.0,23.0,26.0,,,,28.0,28.0,4316
452,6.0,16.0,25.0,41.0,,2.0,,44.0,44.0,,46.0,,46.0,,25.0,23.0,,,,27.0,25.0,4317
453,,9.0,23.0,35.0,6.0,6.0,30.0,,52.0,,53.0,,52.0,,34.0,28.0,,,,41.0,49.0,4319
454,,10.0,17.0,20.0,10.0,6.0,,,72.0,,68.0,,79.0,,27.0,20.0,,20.0,,34.0,48.0,4322
455,,2.0,4.0,25.0,,,,,22.0,,52.0,,81.0,25.0,29.0,25.0,,,,52.0,50.0,4324
456,10.0,6.0,10.0,19.0,,4.0,,44.0,40.0,,61.0,,42.0,,36.0,36.0,,,,42.0,44.0,4325
457,2.0,2.0,11.0,27.0,9.0,,,,55.0,39.0,74.0,,69.0,,,46.0,,25.0,,46.0,46.0,4326
458,,10.0,22.0,35.0,7.0,7.0,,,53.0,33.0,52.0,,53.0,,39.0,28.0,,,,45.0,45.0,4329
459,5.0,9.0,18.0,29.0,,9.0,29.0,,44.0,,52.0,,48.0,,31.0,37.0,,,,26.0,39.0,4330
460,,8.0,16.0,33.0,5.0,2.0,58.0,38.0,,,66.0,,47.0,,30.0,36.0,,,,27.0,52.0,4332
461,12.0,21.0,18.0,25.0,,12.0,,,56.0,,40.0,,62.0,,,31.0,,,18.0,28.0,31.0,4333
462,8.0,,,43.0,,4.0,,,34.0,,78.0,39.0,73.0,,,30.0,,,30.0,30.0,39.0,4334
463,,6.0,6.0,6.0,6.0,3.0,43.0,46.0,,56.0,62.0,,,,,25.0,18.0,,,31.0,25.0,4337
464,3.0,7.0,15.0,36.0,,5.0,,,44.0,,59.0,38.0,76.0,53.0,28.0,26.0,,,,26.0,30.0,4338
465,5.0,8.0,11.0,25.0,4.0,,,61.0,52.0,44.0,51.0,,,,,16.0,16.0,,13.0,13.0,22.0,4339
466,,1.0,17.0,24.0,1.0,1.0,,,50.0,,47.0,28.0,74.0,72.0,28.0,18.0,,,,45.0,41.0,4340
467,4.0,4.0,15.0,26.0,,6.0,39.0,51.0,47.0,,55.0,,,,25.0,30.0,17.0,,,28.0,37.0,4344
468,6.0,3.0,6.0,34.0,,10.0,,75.0,44.0,51.0,51.0,,,,48.0,24.0,,,,34.0,55.0,4345
469,4.0,7.0,16.0,24.0,,6.0,43.0,50.0,53.0,,61.0,,,,28.0,33.0,18.0,,,20.0,37.0,4346
470,2.0,11.0,2.0,22.0,5.0,,33.0,38.0,47.0,,58.0,,,,33.0,44.0,25.0,,22.0,,27.0,4349
471,4.0,,16.0,23.0,4.0,6.0,,45.0,48.0,,59.0,,40.0,,28.0,22.0,13.0,,,25.0,35.0,4350
472,,9.0,22.0,32.0,5.0,10.0,40.0,,65.0,,61.0,,47.0,,29.0,32.0,17.0,,,23.0,40.0,4351
473,8.0,13.0,13.0,25.0,,16.0,,50.0,47.0,,52.0,,,,33.0,36.0,30.0,,,13.0,38.0,4352
474,4.0,6.0,16.0,26.0,,6.0,43.0,47.0,48.0,,55.0,,,,28.0,29.0,15.0,,,21.0,37.0,4353
475,3.0,7.0,28.0,21.0,3.0,,,,53.0,,46.0,39.0,39.0,,35.0,35.0,,,,35.0,50.0,4354
476,8.0,8.0,20.0,21.0,,7.0,57.0,47.0,59.0,,57.0,,,,30.0,33.0,17.0,,,23.0,36.0,4355
477,,7.0,51.0,70.0,,3.0,44.0,,48.0,,59.0,40.0,,,,25.0,,,,51.0,70.0,4357
478,,,13.0,34.0,,8.0,43.0,52.0,60.0,,,,43.0,,,26.0,8.0,,,34.0,30.0,4358
479,6.0,7.0,16.0,30.0,,12.0,39.0,46.0,47.0,,53.0,,,,36.0,29.0,15.0,,,23.0,39.0,4359
480,5.0,3.0,16.0,29.0,,7.0,,57.0,57.0,50.0,55.0,,,,25.0,24.0,18.0,,,33.0,38.0,4360
481,6.0,9.0,9.0,27.0,,6.0,,47.0,47.0,34.0,52.0,,50.0,,,36.0,18.0,,,29.0,40.0,4363
482,6.0,11.0,23.0,32.0,,2.0,60.0,,55.0,,76.0,,65.0,,,25.0,13.0,,18.0,,18.0,4365
483,6.0,6.0,6.0,20.0,5.0,,38.0,52.0,,,67.0,,42.0,,30.0,30.0,,,,20.0,33.0,4366
484,6.0,6.0,6.0,43.0,6.0,,50.0,,,56.0,56.0,,68.0,,50.0,31.0,,,,37.0,43.0,4367
485,,15.0,30.0,38.0,5.0,10.0,43.0,41.0,69.0,,61.0,,,,56.0,23.0,,,,23.0,56.0,4368
486,,,15.0,26.0,,5.0,,,57.0,,68.0,42.0,105.0,57.0,36.0,,,,,,,4369
487,8.0,4.0,12.0,20.0,,8.0,,33.0,37.0,,41.0,,41.0,,33.0,33.0,20.0,,,29.0,41.0,4370
488,2.0,8.0,19.0,27.0,5.0,,,,55.0,,55.0,,79.0,45.0,30.0,21.0,,,,35.0,36.0,4371
489,6.0,4.0,12.0,22.0,,4.0,,,53.0,41.0,56.0,,48.0,,25.0,29.0,,,,23.0,31.0,4374
490,4.0,5.0,12.0,19.0,,3.0,,36.0,44.0,,52.0,,52.0,,19.0,26.0,15.0,,,24.0,32.0,4375
491,5.0,6.0,13.0,25.0,,5.0,39.0,42.0,53.0,,63.0,,,,30.0,32.0,15.0,,,25.0,40.0,4376
492,11.0,11.0,23.0,23.0,,5.0,,47.0,70.0,,70.0,41.0,,,,47.0,17.0,,23.0,,35.0,4378
493,4.0,5.0,12.0,14.0,,2.0,,,45.0,,57.0,,78.0,38.0,25.0,26.0,,,,31.0,31.0,4382
494,,15.0,20.0,31.0,5.0,4.0,35.0,,54.0,,64.0,,44.0,,33.0,31.0,,,,25.0,42.0,4383
495,3.0,6.0,6.0,27.0,,,,,44.0,,48.0,24.0,31.0,,27.0,31.0,,,17.0,31.0,37.0,4386
496,,6.0,24.0,25.0,2.0,6.0,,,44.0,,40.0,29.0,61.0,49.0,25.0,24.0,,,,39.0,35.0,4388
497,11.0,14.0,25.0,29.0,3.0,,,,18.0,,59.0,33.0,88.0,25.0,,29.0,,,,29.0,48.0,4391
498,4.0,4.0,15.0,26.0,,8.0,54.0,69.0,58.0,,63.0,,,,23.0,23.0,,,,32.0,43.0,4393
499,,,6.0,24.0,9.0,6.0,,,39.0,42.0,51.0,33.0,63.0,,21.0,21.0,,,,30.0,24.0,4397
500,6.0,,21.0,30.0,5.0,7.0,53.0,64.0,50.0,,53.0,,,,27.0,33.0,14.0,,,22.0,41.0,4402
501,4.0,8.0,19.0,32.0,4.0,,,,48.0,,59.0,28.0,56.0,,28.0,26.0,,,,30.0,39.0,4404
502,1.0,1.0,1.0,13.0,,1.0,,,40.0,,40.0,,63.0,24.0,28.0,27.0,,,,37.0,33.0,4405
503,,,14.0,22.0,,,,,48.0,25.0,44.0,,66.0,62.0,25.0,,,,,40.0,29.0,4406
504,9.0,,22.0,27.0,,,,,54.0,36.0,63.0,,90.0,,,18.0,,,,27.0,31.0,4408
505,2.0,2.0,13.0,21.0,2.0,,24.0,,38.0,,54.0,,56.0,,19.0,21.0,,,,24.0,29.0,4410
506,4.0,5.0,9.0,16.0,,4.0,52.0,68.0,,45.0,68.0,,,,26.0,38.0,19.0,,,19.0,36.0,4414
507,,7.0,21.0,35.0,4.0,7.0,46.0,42.0,54.0,,51.0,,,,33.0,28.0,23.0,,,38.0,41.0,4417
508,,3.0,15.0,15.0,7.0,7.0,46.0,76.0,57.0,,61.0,,,,30.0,42.0,23.0,,,30.0,30.0,4418
509,5.0,3.0,14.0,24.0,1.0,,,,36.0,,48.0,,73.0,39.0,28.0,27.0,,,,34.0,31.0,4419
510,,10.0,12.0,26.0,8.0,7.0,,,41.0,30.0,46.0,,66.0,,25.0,19.0,,,,34.0,33.0,4420
511,,5.0,12.0,22.0,2.0,3.0,,,32.0,,35.0,28.0,62.0,50.0,25.0,21.0,,,,32.0,34.0,4421
512,5.0,9.0,25.0,41.0,,9.0,,,57.0,,57.0,,63.0,43.0,33.0,24.0,,,,50.0,41.0,4422
513,1.0,3.0,14.0,24.0,,1.0,,,35.0,,44.0,,62.0,26.0,21.0,20.0,,,,34.0,35.0,4426
514,1.0,6.0,15.0,30.0,,3.0,,,42.0,,45.0,25.0,66.0,51.0,26.0,21.0,,,,32.0,35.0,4428
515,,2.0,4.0,13.0,1.0,1.0,35.0,,49.0,,55.0,,47.0,,22.0,26.0,,,,22.0,30.0,4429
516,4.0,4.0,27.0,18.0,,9.0,,,40.0,,45.0,27.0,72.0,50.0,27.0,,,,,36.0,40.0,4431
517,,8.0,16.0,32.0,4.0,4.0,,,42.0,,53.0,,69.0,44.0,34.0,23.0,,,,36.0,43.0,4433
518,2.0,5.0,23.0,36.0,,,,,65.0,,57.0,23.0,68.0,,34.0,44.0,,,,42.0,47.0,4437
519,3.0,11.0,42.0,34.0,,11.0,46.0,42.0,46.0,,50.0,,,,23.0,30.0,,,,57.0,42.0,4440
520,,4.0,24.0,29.0,4.0,4.0,,,44.0,,46.0,34.0,57.0,34.0,35.0,28.0,,,,42.0,46.0,4441
521,2.0,1.0,12.0,21.0,3.0,,,,41.0,,60.0,,78.0,34.0,28.0,26.0,,,,42.0,43.0,4442
522,,7.0,18.0,29.0,3.0,6.0,,,46.0,,48.0,,58.0,41.0,31.0,23.0,,,,36.0,42.0,4443
523,10.0,8.0,16.0,32.0,,10.0,,,55.0,,40.0,,61.0,34.0,32.0,,,,,51.0,38.0,4445
524,,6.0,26.0,33.0,,6.0,,,73.0,,80.0,,80.0,40.0,,26.0,,26.0,,40.0,46.0,4446
525,,1.0,13.0,36.0,4.0,4.0,28.0,,51.0,,46.0,,53.0,,39.0,26.0,,,,38.0,51.0,4447
526,6.0,9.0,19.0,34.0,,7.0,42.0,,65.0,,62.0,,51.0,,30.0,32.0,,,,29.0,40.0,4448
527,,10.0,10.0,15.0,,15.0,52.0,,57.0,,78.0,47.0,73.0,,31.0,,,,31.0,36.0,47.0,4449
528,6.0,6.0,16.0,41.0,,,35.0,,61.0,,64.0,,80.0,,48.0,32.0,,,,61.0,54.0,4453
529,,20.0,20.0,40.0,13.0,,,,80.0,,46.0,33.0,46.0,46.0,,,,,,60.0,33.0,4454
530,4.0,6.0,18.0,27.0,5.0,,,,43.0,26.0,56.0,,60.0,,26.0,26.0,,,,32.0,38.0,4455
531,4.0,5.0,12.0,19.0,,5.0,,49.0,50.0,,66.0,,,,26.0,33.0,14.0,,,12.0,33.0,4458
532,3.0,6.0,19.0,27.0,,5.0,,,42.0,,46.0,,61.0,41.0,30.0,18.0,,,,37.0,38.0,4459
533,9.0,,31.0,18.0,9.0,9.0,45.0,45.0,63.0,,63.0,,,,36.0,50.0,,,,18.0,54.0,4460
534,2.0,,7.0,30.0,5.0,,,,46.0,,46.0,,79.0,25.0,33.0,33.0,,,,38.0,43.0,4463
535,,6.0,4.0,13.0,,,,,28.0,,30.0,26.0,67.0,36.0,21.0,28.0,,,,36.0,36.0,4464
536,2.0,2.0,8.0,31.0,2.0,,31.0,,57.0,,68.0,,72.0,,36.0,42.0,,,,,42.0,4466
537,6.0,3.0,3.0,21.0,,6.0,,57.0,48.0,,60.0,,,,,21.0,,18.0,,15.0,21.0,4468
538,3.0,12.0,10.0,22.0,,5.0,,29.0,32.0,,50.0,,35.0,,17.0,18.0,15.0,,14.0,,23.0,4469
539,3.0,7.0,19.0,31.0,,5.0,,34.0,54.0,,56.0,,44.0,,30.0,29.0,12.0,,,22.0,40.0,4470
540,4.0,6.0,14.0,26.0,2.0,,,33.0,43.0,,53.0,,44.0,,31.0,27.0,,,,19.0,37.0,4471
541,2.0,3.0,15.0,27.0,,3.0,30.0,,48.0,,47.0,,41.0,,26.0,27.0,,,,32.0,37.0,4472
542,6.0,10.0,18.0,38.0,,10.0,,45.0,52.0,,66.0,,42.0,,24.0,26.0,11.0,,,18.0,33.0,4473
543,10.0,6.0,15.0,26.0,,7.0,,59.0,38.0,45.0,55.0,,,,24.0,25.0,24.0,15.0,,,35.0,4475
544,6.0,10.0,20.0,39.0,,10.0,31.0,,50.0,,63.0,,50.0,,30.0,28.0,,,,23.0,40.0,4476
545,4.0,3.0,11.0,8.0,4.0,,46.0,44.0,36.0,,59.0,,,,22.0,29.0,17.0,11.0,,,31.0,4477
546,5.0,6.0,15.0,28.0,,5.0,30.0,,43.0,,51.0,,60.0,,25.0,18.0,,,,24.0,28.0,4478
547,3.0,6.0,10.0,20.0,6.0,,,56.0,43.0,,50.0,,,,,13.0,16.0,,,,23.0,4479
548,,5.0,14.0,35.0,2.0,5.0,47.0,38.0,44.0,47.0,58.0,,,,35.0,23.0,,,,26.0,41.0,4480
549,,7.0,15.0,27.0,5.0,6.0,,37.0,50.0,,62.0,,43.0,,28.0,29.0,13.0,,,22.0,35.0,4481
550,6.0,2.0,17.0,24.0,3.0,,41.0,52.0,,,58.0,,40.0,,21.0,30.0,12.0,,,18.0,36.0,4482
551,6.0,8.0,19.0,28.0,,13.0,39.0,,54.0,,50.0,,47.0,,34.0,26.0,,,,28.0,45.0,4483
552,5.0,17.0,13.0,28.0,3.0,,,,38.0,,67.0,,50.0,,13.0,15.0,,,,23.0,25.0,4484
553,3.0,7.0,17.0,29.0,4.0,,,,48.0,,54.0,,60.0,,26.0,37.0,,,20.0,32.0,35.0,4485
554,,5.0,13.0,26.0,,5.0,21.0,,52.0,,47.0,,50.0,,42.0,34.0,,,,34.0,42.0,4489
555,3.0,3.0,6.0,27.0,9.0,,,57.0,63.0,42.0,60.0,,,,27.0,21.0,18.0,,,12.0,36.0,4490
556,3.0,11.0,18.0,14.0,3.0,,48.0,51.0,59.0,,59.0,,,,,11.0,,14.0,,7.0,33.0,4491
557,1.0,1.0,2.0,6.0,1.0,,28.0,25.0,27.0,,31.0,,,,14.0,20.0,,,,16.0,17.0,4493
558,2.0,2.0,2.0,15.0,,,,,25.0,,20.0,,32.0,17.0,15.0,17.0,,,,25.0,22.0,4494
559,2.0,4.0,4.0,14.0,,4.0,,,36.0,,48.0,,58.0,43.0,19.0,21.0,,,,24.0,39.0,4497
560,8.0,2.0,16.0,18.0,8.0,,40.0,,54.0,,78.0,,75.0,,45.0,45.0,24.0,,,35.0,54.0,4498
561,4.0,6.0,6.0,31.0,,4.0,,,50.0,,45.0,,70.0,27.0,20.0,29.0,,,,31.0,47.0,4499
562,2.0,8.0,9.0,14.0,4.0,,,37.0,44.0,,64.0,,41.0,,7.0,14.0,7.0,,,,5.0,4500
563,7.0,9.0,7.0,12.0,,3.0,,,50.0,30.0,42.0,,63.0,,22.0,19.0,11.0,,,19.0,30.0,4502
564,3.0,3.0,6.0,20.0,,10.0,58.0,,,55.0,55.0,,37.0,,27.0,24.0,,,,34.0,31.0,4503
565,,3.0,3.0,30.0,6.0,,,,50.0,,56.0,,73.0,,20.0,26.0,,,20.0,26.0,40.0,4505
566,3.0,,12.0,19.0,1.0,3.0,50.0,55.0,50.0,,59.0,,,,36.0,41.0,16.0,,,16.0,32.0,4508
567,7.0,8.0,9.0,23.0,,5.0,44.0,,47.0,,64.0,,58.0,,30.0,30.0,13.0,,,24.0,39.0,4509
568,,,23.0,30.0,,,,,,23.0,34.0,,80.0,26.0,50.0,,,,,50.0,50.0,4510
569,,16.0,35.0,52.0,20.0,17.0,,,31.0,,42.0,38.0,41.0,41.0,31.0,14.0,,,,15.0,35.0,4511
570,3.0,9.0,18.0,38.0,,5.0,,,50.0,,51.0,30.0,72.0,52.0,31.0,24.0,,,,40.0,42.0,4513
571,5.0,,16.0,22.0,11.0,,33.0,,55.0,,61.0,,55.0,,,22.0,,11.0,,16.0,44.0,4514
572,6.0,16.0,23.0,16.0,,3.0,,,56.0,,53.0,,80.0,50.0,30.0,36.0,,,,26.0,40.0,4518
573,3.0,,12.0,27.0,9.0,6.0,33.0,51.0,69.0,,57.0,,,,18.0,33.0,,,12.0,18.0,42.0,4523
574,7.0,8.0,10.0,26.0,,7.0,51.0,66.0,44.0,,46.0,,,,21.0,41.0,19.0,,,19.0,39.0,4525
575,,6.0,20.0,35.0,4.0,5.0,,,45.0,,56.0,34.0,55.0,30.0,30.0,24.0,,,,30.0,41.0,4527
576,2.0,2.0,13.0,27.0,5.0,,44.0,41.0,41.0,,47.0,,,,22.0,19.0,8.0,,,25.0,25.0,4528
577,5.0,10.0,14.0,27.0,3.0,,,37.0,47.0,,61.0,,52.0,,21.0,24.0,13.0,,,23.0,31.0,4529
578,,9.0,23.0,35.0,4.0,7.0,,,47.0,,62.0,,50.0,,25.0,22.0,,,,20.0,36.0,4530
579,6.0,6.0,17.0,25.0,,14.0,,,50.0,,58.0,,49.0,,28.0,28.0,20.0,,,25.0,38.0,4531
580,,5.0,14.0,41.0,11.0,5.0,38.0,,47.0,,47.0,,50.0,41.0,32.0,23.0,,,,41.0,35.0,4534
581,1.0,,5.0,16.0,1.0,1.0,31.0,,36.0,,63.0,,69.0,,23.0,29.0,,,,21.0,34.0,4535
582,,6.0,19.0,33.0,3.0,1.0,,,35.0,,37.0,,43.0,46.0,22.0,15.0,,,,32.0,35.0,4536
583,,10.0,28.0,35.0,2.0,3.0,,,46.0,,43.0,37.0,58.0,52.0,35.0,20.0,,,,47.0,48.0,4539
584,3.0,,10.0,30.0,,1.0,,,55.0,,71.0,37.0,75.0,,,33.0,,,21.0,32.0,41.0,4540
585,,7.0,22.0,35.0,3.0,7.0,,,50.0,,50.0,,64.0,39.0,32.0,24.0,,,,33.0,41.0,4541
586,5.0,5.0,17.0,38.0,,3.0,,,31.0,,,49.0,68.0,54.0,,28.0,,,35.0,36.0,43.0,4542
587,3.0,4.0,13.0,24.0,,4.0,,,47.0,,48.0,,67.0,30.0,24.0,22.0,,,,25.0,29.0,4543
588,2.0,5.0,13.0,26.0,2.0,,35.0,,63.0,,51.0,,47.0,,26.0,26.0,13.0,,,32.0,38.0,4544
589,3.0,9.0,3.0,18.0,6.0,,,,34.0,,46.0,,81.0,,25.0,21.0,,,,25.0,31.0,4545
590,,5.0,19.0,30.0,4.0,3.0,37.0,,39.0,,52.0,,38.0,,27.0,34.0,14.0,,,24.0,41.0,4548
591,3.0,5.0,16.0,27.0,,4.0,39.0,45.0,50.0,,63.0,,,,30.0,27.0,15.0,,,22.0,38.0,4551
592,,6.0,20.0,28.0,4.0,10.0,,,43.0,,42.0,28.0,62.0,48.0,31.0,25.0,,,,43.0,34.0,4552
593,5.0,,15.0,28.0,2.0,5.0,,,20.0,,33.0,,58.0,33.0,,,,17.0,,35.0,23.0,4553
594,2.0,,3.0,12.0,3.0,2.0,,31.0,,38.0,54.0,,64.0,,37.0,34.0,,,,41.0,46.0,4555
595,4.0,4.0,20.0,36.0,,9.0,,,41.0,33.0,34.0,,50.0,31.0,31.0,,,,,43.0,38.0,4556
596,11.0,,5.0,23.0,,5.0,35.0,,52.0,,58.0,,64.0,,,23.0,,,,58.0,,4557
597,4.0,6.0,16.0,24.0,4.0,,36.0,,46.0,,61.0,,63.0,,30.0,26.0,,,,28.0,38.0,4558
598,,11.0,7.0,15.0,11.0,7.0,50.0,42.0,53.0,,76.0,,,,26.0,34.0,26.0,,,30.0,42.0,4559
599,2.0,14.0,14.0,31.0,,8.0,37.0,,,40.0,54.0,,62.0,,20.0,20.0,20.0,,,20.0,22.0,4561
600,8.0,,8.0,19.0,2.0,2.0,36.0,,44.0,,48.0,,34.0,,21.0,25.0,19.0,,,29.0,38.0,4562
601,3.0,5.0,10.0,24.0,,3.0,,,40.0,,44.0,,71.0,44.0,32.0,22.0,,,,37.0,38.0,4564
602,,3.0,16.0,29.0,5.0,2.0,,,52.0,,61.0,32.0,59.0,,34.0,28.0,,,,36.0,43.0,4566
603,,8.0,23.0,44.0,,2.0,,,61.0,,55.0,35.0,58.0,,41.0,50.0,,,,44.0,61.0,4567
604,14.0,,41.0,64.0,25.0,31.0,,,54.0,,52.0,50.0,43.0,43.0,,41.0,,,27.0,22.0,37.0,4569
605,9.0,,29.0,56.0,24.0,34.0,51.0,56.0,63.0,,70.0,,,,24.0,46.0,24.0,,,,48.0,4570
606,10.0,10.0,15.0,15.0,,10.0,31.0,,,,36.0,,52.0,31.0,,31.0,,,26.0,,42.0,4571
607,1.0,1.0,8.0,19.0,,3.0,33.0,,37.0,,58.0,,38.0,,24.0,33.0,,,,22.0,32.0,4572
608,5.0,8.0,16.0,18.0,4.0,,,,37.0,33.0,50.0,,59.0,,28.0,27.0,,,,31.0,28.0,4574
609,3.0,,3.0,26.0,3.0,,,,38.0,,61.0,,50.0,,,38.0,,15.0,,23.0,30.0,4576
610,,11.0,11.0,23.0,11.0,5.0,17.0,,58.0,,82.0,,52.0,,,17.0,,,11.0,29.0,17.0,4577
611,4.0,2.0,9.0,15.0,,5.0,,35.0,50.0,,63.0,,55.0,,20.0,25.0,,,14.0,16.0,23.0,4578
612,7.0,9.0,16.0,37.0,,11.0,41.0,,60.0,,54.0,,48.0,,18.0,25.0,14.0,,,18.0,31.0,4579
613,16.0,4.0,20.0,28.0,,12.0,,,44.0,,44.0,44.0,88.0,56.0,60.0,48.0,,,,,52.0,4580
614,3.0,9.0,21.0,27.0,,9.0,,,45.0,,45.0,39.0,90.0,69.0,,36.0,,,36.0,42.0,42.0,4582
615,6.0,3.0,10.0,27.0,,6.0,44.0,44.0,,,68.0,,68.0,,,34.0,,,27.0,24.0,34.0,4583
616,,3.0,9.0,23.0,1.0,3.0,,,49.0,,56.0,,75.0,44.0,29.0,24.0,,,,34.0,34.0,4585
617,4.0,2.0,9.0,25.0,4.0,,45.0,45.0,50.0,,50.0,,,,25.0,39.0,19.0,,,20.0,31.0,4587
618,,5.0,7.0,17.0,1.0,1.0,51.0,66.0,62.0,,78.0,,,,39.0,41.0,,,,48.0,53.0,4588
619,,21.0,30.0,43.0,17.0,13.0,30.0,34.0,56.0,,39.0,,,,43.0,,,,,17.0,52.0,4589
620,5.0,6.0,11.0,25.0,,3.0,,,41.0,,59.0,37.0,82.0,56.0,35.0,24.0,,,,37.0,34.0,4594
621,5.0,8.0,25.0,27.0,,2.0,,,44.0,,44.0,,63.0,41.0,25.0,25.0,,19.0,,38.0,38.0,4595
622,8.0,17.0,8.0,17.0,8.0,,,31.0,37.0,,40.0,,45.0,,20.0,14.0,11.0,,,14.0,25.0,4602
623,4.0,6.0,8.0,17.0,,4.0,58.0,54.0,62.0,,67.0,,,,20.0,46.0,22.0,,,20.0,45.0,4603
624,,11.0,20.0,26.0,11.0,12.0,47.0,40.0,65.0,,67.0,,,,39.0,35.0,14.0,,,20.0,42.0,4604
625,2.0,10.0,18.0,18.0,2.0,,35.0,,54.0,,67.0,,56.0,,,29.0,,,,29.0,32.0,4607
626,7.0,7.0,23.0,46.0,30.0,,53.0,,46.0,,53.0,,69.0,,,46.0,,,15.0,30.0,53.0,4609
627,6.0,9.0,6.0,35.0,,9.0,,,51.0,38.0,35.0,,45.0,41.0,32.0,,,,,35.0,38.0,4610
628,2.0,4.0,12.0,30.0,,2.0,,,30.0,,40.0,22.0,75.0,61.0,24.0,18.0,,,,40.0,34.0,4614
629,3.0,4.0,10.0,27.0,,2.0,,,39.0,,53.0,,82.0,48.0,31.0,32.0,,,,34.0,44.0,4615
630,18.0,,4.0,22.0,,,,59.0,54.0,,63.0,,,,18.0,27.0,9.0,,,,31.0,4617
631,7.0,16.0,7.0,11.0,,14.0,30.0,,66.0,,64.0,,71.0,,19.0,26.0,,,16.0,16.0,30.0,4618
632,10.0,10.0,9.0,24.0,,4.0,,,,29.0,43.0,,80.0,29.0,36.0,23.0,,,,36.0,41.0,4620
633,4.0,,21.0,30.0,,,23.0,,59.0,,73.0,,59.0,,,28.0,,23.0,,45.0,47.0,4625
634,3.0,7.0,7.0,25.0,,3.0,37.0,,66.0,,64.0,,87.0,,31.0,35.0,,,,37.0,37.0,4626
635,,6.0,14.0,26.0,2.0,2.0,,,47.0,,51.0,,77.0,32.0,33.0,26.0,,,,36.0,36.0,4630
636,,14.0,14.0,35.0,,28.0,78.0,71.0,42.0,,,,,,42.0,14.0,28.0,,,42.0,,4633
637,1.0,8.0,19.0,39.0,1.0,,31.0,,44.0,,59.0,,68.0,,27.0,19.0,,,,16.0,31.0,4636
638,13.0,14.0,16.0,23.0,,7.0,45.0,,57.0,,59.0,,47.0,,,23.0,17.0,,,21.0,31.0,4637
639,,9.0,23.0,38.0,5.0,9.0,,,54.0,,59.0,33.0,54.0,,31.0,26.0,,,,30.0,42.0,4639
640,,6.0,16.0,29.0,9.0,6.0,,,38.0,35.0,,29.0,51.0,54.0,,29.0,,,,29.0,48.0,4642
641,4.0,4.0,9.0,16.0,,5.0,,,46.0,,65.0,,67.0,27.0,29.0,26.0,,,,35.0,35.0,4644
642,3.0,,9.0,31.0,3.0,,40.0,,50.0,,59.0,,59.0,,25.0,31.0,18.0,,,28.0,31.0,4645
643,4.0,,16.0,30.0,4.0,4.0,,37.0,60.0,,60.0,32.0,,,27.0,25.0,,,,37.0,34.0,4647
644,,6.0,13.0,31.0,4.0,4.0,33.0,37.0,55.0,,66.0,,,,46.0,24.0,,,,22.0,44.0,4648
645,2.0,6.0,9.0,28.0,,4.0,,,50.0,,57.0,,72.0,29.0,29.0,24.0,,,,36.0,38.0,4649
646,,,41.0,16.0,25.0,8.0,,33.0,33.0,58.0,41.0,,58.0,,,41.0,,41.0,,50.0,58.0,4650
647,,10.0,17.0,32.0,6.0,7.0,,,50.0,,54.0,,62.0,46.0,38.0,23.0,,,,34.0,45.0,4651
648,,,5.0,36.0,5.0,,,,31.0,,52.0,73.0,63.0,36.0,,42.0,,,57.0,73.0,57.0,4659
649,,7.0,30.0,43.0,6.0,6.0,37.0,39.0,50.0,,64.0,,,,29.0,24.0,,,,32.0,37.0,4661
650,3.0,3.0,13.0,21.0,,3.0,31.0,,46.0,,56.0,,59.0,,19.0,22.0,,,10.0,16.0,26.0,4662
651,2.0,,13.0,16.0,4.0,9.0,,27.0,34.0,,56.0,,51.0,,22.0,19.0,,,,16.0,22.0,4663
652,3.0,3.0,6.0,21.0,,6.0,,50.0,56.0,,55.0,,50.0,,31.0,21.0,20.0,,,,33.0,4666
653,,14.0,26.0,34.0,5.0,15.0,,44.0,46.0,,63.0,,50.0,,23.0,34.0,13.0,,,21.0,49.0,4667
654,7.0,10.0,18.0,35.0,,12.0,,47.0,52.0,,76.0,,42.0,,23.0,17.0,,,,12.0,24.0,4669
655,,10.0,21.0,40.0,6.0,9.0,,,45.0,,50.0,34.0,62.0,40.0,32.0,20.0,,,,27.0,37.0,4671
656,8.0,2.0,4.0,12.0,,4.0,,27.0,38.0,,46.0,,38.0,,21.0,25.0,,17.0,,19.0,40.0,4674
657,4.0,6.0,4.0,21.0,,1.0,,,50.0,,68.0,,78.0,37.0,31.0,26.0,,,,25.0,32.0,4676
658,2.0,,11.0,18.0,2.0,2.0,40.0,45.0,47.0,,39.0,,,,22.0,25.0,20.0,,,23.0,34.0,4682
659,5.0,15.0,26.0,42.0,,10.0,,,36.0,31.0,42.0,31.0,,36.0,31.0,,,,,42.0,31.0,4684
660,,,33.0,40.0,,,,,60.0,,53.0,,73.0,53.0,,33.0,,20.0,,46.0,60.0,4687
661,,5.0,16.0,29.0,2.0,,,,38.0,,57.0,25.0,84.0,45.0,26.0,17.0,,,,29.0,38.0,4690
662,1.0,,20.0,26.0,8.0,3.0,,45.0,37.0,,64.0,,,,22.0,30.0,16.0,,,14.0,26.0,4693
663,8.0,4.0,8.0,20.0,4.0,,,,44.0,48.0,48.0,,52.0,,,24.0,,16.0,24.0,24.0,24.0,4694
664,,4.0,14.0,20.0,3.0,4.0,,,36.0,,41.0,,68.0,44.0,25.0,19.0,,,,29.0,36.0,4697
665,3.0,4.0,11.0,17.0,4.0,,,,34.0,,50.0,,80.0,32.0,41.0,33.0,,,,40.0,40.0,4699
666,,7.0,17.0,31.0,4.0,5.0,39.0,,47.0,,54.0,,50.0,,38.0,27.0,,,,27.0,39.0,4700
667,,15.0,25.0,31.0,2.0,2.0,,,38.0,,38.0,,70.0,34.0,29.0,29.0,,,,38.0,43.0,4703
668,,3.0,9.0,12.0,,,,,62.0,,62.0,34.0,59.0,,31.0,28.0,,,,37.0,43.0,4704
669,4.0,7.0,10.0,21.0,,5.0,37.0,,53.0,,64.0,,62.0,,23.0,28.0,,,,30.0,34.0,4706
670,,6.0,15.0,31.0,5.0,6.0,,,51.0,,59.0,,72.0,46.0,20.0,15.0,,,,26.0,25.0,4707
671,5.0,,14.0,42.0,8.0,8.0,,,65.0,,60.0,51.0,74.0,,31.0,34.0,,,28.0,31.0,34.0,4710
672,,7.0,17.0,29.0,6.0,6.0,28.0,,48.0,,59.0,,40.0,,32.0,28.0,,,,26.0,42.0,4711
673,4.0,5.0,18.0,29.0,,5.0,,29.0,49.0,,60.0,,61.0,,28.0,25.0,,,,33.0,35.0,4712
674,1.0,9.0,14.0,31.0,1.0,,29.0,40.0,55.0,,58.0,,,,38.0,24.0,16.0,,,25.0,42.0,4714
675,4.0,6.0,15.0,28.0,,6.0,,42.0,46.0,,64.0,,41.0,,24.0,28.0,11.0,,,18.0,33.0,4715
676,15.0,3.0,7.0,30.0,,11.0,,50.0,53.0,,65.0,,57.0,,26.0,23.0,,23.0,,34.0,38.0,4716
677,3.0,16.0,16.0,24.0,7.0,,,45.0,39.0,,62.0,,50.0,,16.0,28.0,,,20.0,,43.0,4717
678,,6.0,11.0,22.0,5.0,6.0,,40.0,47.0,,57.0,,48.0,,17.0,30.0,15.0,,,20.0,36.0,4718
679,,10.0,25.0,40.0,4.0,7.0,,,48.0,,62.0,29.0,49.0,,30.0,27.0,,,,30.0,42.0,4719
680,3.0,7.0,18.0,20.0,3.0,,35.0,32.0,,,50.0,,42.0,,17.0,29.0,,15.0,,29.0,31.0,4720
681,3.0,8.0,10.0,26.0,1.0,,25.0,,48.0,,48.0,,64.0,,30.0,23.0,,,19.0,38.0,43.0,4724
682,1.0,4.0,16.0,22.0,1.0,,45.0,,,50.0,62.0,,40.0,,25.0,30.0,16.0,,,45.0,53.0,4726
683,,7.0,20.0,39.0,4.0,10.0,39.0,,50.0,,55.0,,45.0,,31.0,25.0,,,,31.0,38.0,4727
684,2.0,11.0,13.0,17.0,6.0,,,,37.0,,40.0,,80.0,51.0,24.0,24.0,,,,44.0,40.0,4729
685,,5.0,9.0,25.0,,3.0,,,45.0,,52.0,,81.0,41.0,29.0,25.0,,23.0,,,38.0,4730
686,5.0,5.0,22.0,38.0,,5.0,,,50.0,,57.0,,69.0,,16.0,25.0,,,,16.0,28.0,4731
687,15.0,11.0,26.0,42.0,,11.0,,,46.0,,42.0,,92.0,50.0,,26.0,,,30.0,34.0,30.0,4732
688,4.0,4.0,18.0,33.0,,4.0,,,47.0,,59.0,,77.0,42.0,26.0,29.0,,,,34.0,40.0,4733
689,10.0,3.0,7.0,18.0,4.0,,,42.0,,36.0,58.0,,42.0,,21.0,35.0,13.0,,,14.0,37.0,4734
690,7.0,5.0,25.0,37.0,,3.0,,,57.0,,78.0,30.0,62.0,,28.0,41.0,,,23.0,,42.0,4735
691,3.0,10.0,18.0,30.0,,5.0,,,40.0,,42.0,27.0,53.0,40.0,35.0,,,,,45.0,39.0,4738
692,,7.0,19.0,33.0,5.0,3.0,,,45.0,,57.0,35.0,68.0,44.0,33.0,25.0,,,,38.0,44.0,4739
693,4.0,4.0,12.0,24.0,,3.0,31.0,,54.0,,60.0,,70.0,,25.0,27.0,,17.0,,31.0,36.0,4740
694,7.0,3.0,18.0,18.0,,14.0,37.0,,40.0,,33.0,25.0,44.0,,25.0,29.0,,,25.0,33.0,40.0,4741
695,,6.0,20.0,31.0,3.0,6.0,,,49.0,,51.0,34.0,68.0,39.0,28.0,20.0,,,,32.0,39.0,4742
696,3.0,8.0,18.0,32.0,,5.0,,,49.0,,44.0,30.0,70.0,50.0,29.0,23.0,,,,31.0,36.0,4743
697,2.0,7.0,13.0,24.0,,2.0,,,45.0,,46.0,33.0,64.0,47.0,26.0,20.0,,,,37.0,45.0,4744
698,2.0,,12.0,21.0,2.0,2.0,,,47.0,,51.0,,77.0,35.0,27.0,27.0,,,,29.0,33.0,4745
699,,5.0,41.0,39.0,7.0,7.0,,,,,47.0,64.0,54.0,58.0,33.0,,,,,23.0,23.0,4750
700,3.0,11.0,22.0,31.0,,5.0,,,45.0,,48.0,,42.0,39.0,41.0,20.0,,,,41.0,46.0,4751
701,,11.0,20.0,31.0,4.0,4.0,,,42.0,,43.0,,50.0,39.0,27.0,26.0,,,,38.0,41.0,4752
702,7.0,8.0,28.0,40.0,7.0,,,46.0,54.0,,57.0,,,,27.0,25.0,,,,29.0,36.0,4753
703,,3.0,6.0,24.0,,6.0,,,48.0,,48.0,,51.0,20.0,,27.0,,13.0,20.0,20.0,31.0,4756
704,,4.0,14.0,25.0,4.0,2.0,,,32.0,,46.0,,73.0,51.0,29.0,21.0,,,,35.0,39.0,4757
705,2.0,2.0,20.0,20.0,,1.0,31.0,,56.0,,74.0,,82.0,,38.0,,,,,32.0,34.0,4758
706,,8.0,13.0,4.0,4.0,,56.0,56.0,,60.0,65.0,,,,21.0,26.0,,,,43.0,26.0,4759
707,4.0,4.0,13.0,18.0,,2.0,,,34.0,,45.0,34.0,75.0,54.0,31.0,20.0,,,,47.0,52.0,4763
708,,6.0,20.0,32.0,3.0,7.0,,,47.0,,53.0,34.0,61.0,54.0,33.0,,,,,43.0,46.0,4764
709,,7.0,26.0,38.0,5.0,12.0,,,38.0,,47.0,29.0,61.0,52.0,31.0,,,,,40.0,42.0,4766
710,,9.0,30.0,33.0,6.0,12.0,52.0,55.0,53.0,,64.0,,,,32.0,29.0,,,,22.0,44.0,4767
711,,3.0,12.0,19.0,7.0,1.0,,,51.0,,39.0,,67.0,39.0,26.0,17.0,,,,48.0,39.0,4768
712,4.0,6.0,13.0,25.0,,6.0,25.0,,27.0,,39.0,,50.0,45.0,36.0,24.0,,,,22.0,31.0,4769
713,1.0,8.0,14.0,34.0,4.0,,,,51.0,31.0,45.0,,54.0,,36.0,31.0,,17.0,,60.0,46.0,4770
714,8.0,14.0,16.0,35.0,,2.0,,,51.0,,55.0,41.0,73.0,51.0,36.0,33.0,,,,50.0,47.0,4772
715,3.0,6.0,24.0,24.0,,6.0,,,,,48.0,41.0,65.0,48.0,27.0,,,,17.0,27.0,31.0,4773
716,,7.0,12.0,15.0,5.0,2.0,,,62.0,,52.0,,57.0,42.0,25.0,35.0,,,,40.0,45.0,4775
717,,4.0,18.0,27.0,5.0,3.0,,,47.0,,56.0,28.0,80.0,53.0,29.0,18.0,,,,25.0,36.0,4777
718,,2.0,11.0,17.0,,,,,48.0,48.0,42.0,,48.0,,11.0,17.0,,,11.0,11.0,17.0,4778
719,1.0,1.0,17.0,34.0,7.0,,,,63.0,,76.0,,80.0,53.0,28.0,26.0,,,,32.0,26.0,4780
720,2.0,5.0,11.0,24.0,3.0,,34.0,,61.0,,51.0,,77.0,,28.0,24.0,,,,38.0,36.0,4781
721,4.0,8.0,16.0,33.0,4.0,,,,50.0,,70.0,,83.0,37.0,50.0,25.0,,,25.0,,33.0,4782
722,,4.0,7.0,23.0,4.0,4.0,,,46.0,38.0,66.0,,60.0,,14.0,20.0,,,,19.0,30.0,4784
723,,8.0,23.0,26.0,5.0,8.0,,,35.0,,51.0,37.0,50.0,48.0,44.0,25.0,,,,37.0,53.0,4785
724,4.0,8.0,21.0,30.0,,5.0,36.0,,53.0,,60.0,,41.0,,33.0,25.0,,,,28.0,41.0,4786
725,3.0,7.0,17.0,32.0,,6.0,,,61.0,,60.0,40.0,66.0,,18.0,24.0,,,,41.0,39.0,4788
726,4.0,4.0,15.0,26.0,,4.0,,,41.0,30.0,56.0,,60.0,,31.0,26.0,,,,37.0,43.0,4789
727,1.0,,6.0,16.0,1.0,3.0,,,40.0,,52.0,,78.0,38.0,26.0,21.0,,,,20.0,38.0,4790
728,,10.0,25.0,30.0,5.0,6.0,,,61.0,,46.0,,60.0,35.0,41.0,28.0,,,,36.0,46.0,4792
729,,7.0,16.0,32.0,6.0,3.0,,,44.0,,50.0,,64.0,30.0,24.0,21.0,,,,22.0,31.0,4793
730,,,17.0,43.0,4.0,,,,60.0,,56.0,39.0,65.0,73.0,39.0,34.0,,,34.0,,43.0,4794
731,,12.0,21.0,38.0,7.0,10.0,44.0,42.0,58.0,,60.0,,,,27.0,25.0,12.0,,,24.0,36.0,4795
732,7.0,,14.0,25.0,7.0,,,,51.0,,55.0,,59.0,,40.0,25.0,,22.0,,,25.0,4796
733,3.0,5.0,9.0,19.0,,2.0,,,35.0,,39.0,23.0,69.0,50.0,23.0,20.0,,,,25.0,30.0,4797
734,,12.0,24.0,36.0,12.0,15.0,48.0,,72.0,,60.0,,45.0,,54.0,30.0,,,,45.0,60.0,4798
735,,7.0,21.0,28.0,3.0,3.0,42.0,,64.0,50.0,,,53.0,,,21.0,21.0,,,17.0,32.0,4799
736,2.0,,7.0,21.0,,,,,47.0,,55.0,,71.0,42.0,23.0,18.0,,,,18.0,31.0,4800
737,,10.0,26.0,43.0,4.0,10.0,,,48.0,,54.0,39.0,61.0,56.0,36.0,24.0,,,,37.0,44.0,4801
738,,8.0,33.0,50.0,16.0,,,,91.0,,66.0,,108.0,66.0,58.0,41.0,,,,50.0,66.0,4803
739,19.0,,8.0,30.0,1.0,20.0,,,43.0,,49.0,,69.0,34.0,,19.0,,,19.0,27.0,32.0,4805
740,,10.0,28.0,38.0,6.0,6.0,,,51.0,,48.0,38.0,55.0,46.0,32.0,32.0,,,,34.0,38.0,4806
741,8.0,10.0,26.0,42.0,,8.0,,,44.0,,51.0,44.0,68.0,56.0,31.0,24.0,,,,36.0,41.0,4807
742,5.0,,13.0,13.0,5.0,5.0,,,48.0,,40.0,,64.0,37.0,,13.0,,,,24.0,21.0,4809
743,2.0,2.0,18.0,36.0,10.0,,,,44.0,,48.0,,48.0,59.0,32.0,20.0,,,,26.0,44.0,4810
744,7.0,7.0,20.0,28.0,,13.0,33.0,,54.0,,41.0,,47.0,,41.0,20.0,,,,24.0,54.0,4814
745,3.0,6.0,13.0,22.0,2.0,,,,39.0,,43.0,,65.0,37.0,24.0,22.0,,,,22.0,28.0,4815
746,4.0,19.0,19.0,28.0,4.0,,,,52.0,,76.0,47.0,85.0,,42.0,47.0,,,,38.0,42.0,4816
747,6.0,7.0,18.0,26.0,7.0,,,27.0,38.0,,47.0,,44.0,,12.0,20.0,,,12.0,23.0,26.0,4817
748,2.0,3.0,13.0,25.0,,7.0,37.0,,55.0,,55.0,,53.0,,31.0,25.0,,,,32.0,39.0,4818
749,5.0,5.0,11.0,29.0,,,,,41.0,23.0,,,64.0,47.0,,23.0,,,,47.0,23.0,4819
750,,5.0,13.0,15.0,5.0,5.0,,47.0,52.0,42.0,57.0,,,,21.0,26.0,18.0,,,18.0,21.0,4821
751,,6.0,20.0,34.0,4.0,7.0,30.0,,60.0,,56.0,,51.0,,32.0,23.0,,,,35.0,42.0,4824
752,,7.0,20.0,32.0,3.0,5.0,,,44.0,,45.0,33.0,66.0,63.0,35.0,22.0,,,,37.0,43.0,4825
753,,9.0,15.0,19.0,6.0,9.0,36.0,,57.0,,49.0,,65.0,,25.0,36.0,,,,38.0,31.0,4826
754,3.0,3.0,14.0,50.0,,,,,42.0,,60.0,39.0,85.0,,35.0,39.0,21.0,,,35.0,35.0,4827
755,3.0,10.0,19.0,35.0,,8.0,,,42.0,,47.0,,57.0,31.0,24.0,27.0,,,,41.0,43.0,4828
756,9.0,6.0,9.0,29.0,3.0,,38.0,54.0,58.0,,67.0,,,,22.0,32.0,,,,38.0,32.0,4830
757,1.0,10.0,13.0,23.0,6.0,,,,52.0,51.0,58.0,,64.0,,32.0,38.0,,,,38.0,43.0,4831
758,2.0,9.0,12.0,21.0,2.0,,,44.0,60.0,,64.0,,57.0,,26.0,32.0,15.0,,,17.0,32.0,4832
759,3.0,6.0,20.0,29.0,,3.0,,,47.0,,50.0,,58.0,42.0,35.0,26.0,,,,43.0,51.0,4833
760,4.0,5.0,7.0,16.0,3.0,,,57.0,54.0,53.0,63.0,,,,29.0,30.0,22.0,,,29.0,27.0,4840
761,,4.0,17.0,26.0,3.0,4.0,,,50.0,,49.0,,59.0,32.0,31.0,26.0,,,,36.0,43.0,4841
762,2.0,2.0,12.0,12.0,5.0,,,,41.0,,48.0,,84.0,58.0,30.0,30.0,,,,38.0,41.0,4842
763,3.0,12.0,22.0,29.0,,6.0,,,70.0,,63.0,,74.0,41.0,45.0,,,,,48.0,57.0,4845
764,7.0,3.0,10.0,12.0,,5.0,57.0,71.0,55.0,64.0,,,,,23.0,42.0,32.0,,,14.0,37.0,4846
765,8.0,9.0,21.0,36.0,,14.0,,34.0,50.0,,61.0,,38.0,,23.0,25.0,,,,25.0,35.0,4847
766,,18.0,36.0,50.0,9.0,4.0,,,50.0,,54.0,27.0,54.0,54.0,36.0,31.0,,,,63.0,50.0,4848
767,4.0,9.0,22.0,18.0,4.0,,,,36.0,,59.0,,81.0,63.0,36.0,22.0,,,,27.0,50.0,4849
768,,5.0,20.0,35.0,5.0,2.0,41.0,61.0,55.0,,55.0,,,,23.0,32.0,,,,26.0,44.0,4850
769,4.0,2.0,13.0,20.0,,1.0,,48.0,40.0,39.0,55.0,,,,17.0,21.0,11.0,,,12.0,20.0,4851
770,4.0,4.0,43.0,34.0,8.0,,,,60.0,,47.0,,69.0,,,39.0,,,21.0,,34.0,4852
771,,8.0,20.0,41.0,5.0,3.0,,,50.0,,54.0,,62.0,39.0,28.0,22.0,,,,40.0,43.0,4855
772,4.0,1.0,3.0,10.0,3.0,,,,,28.0,39.0,,66.0,24.0,34.0,,,21.0,,44.0,36.0,4856
773,,5.0,15.0,25.0,5.0,5.0,,35.0,,,80.0,,70.0,,30.0,45.0,,,,40.0,50.0,4857
774,3.0,3.0,9.0,19.0,9.0,,32.0,,,34.0,39.0,,57.0,,16.0,19.0,,,16.0,26.0,42.0,4862
775,2.0,2.0,14.0,32.0,2.0,,50.0,,41.0,38.0,55.0,,67.0,,,26.0,,,,44.0,44.0,4865
776,7.0,8.0,21.0,33.0,,6.0,,,45.0,,51.0,,79.0,46.0,35.0,29.0,,,,34.0,41.0,4866
777,5.0,,13.0,30.0,5.0,5.0,,,33.0,,63.0,51.0,96.0,53.0,,26.0,,,26.0,26.0,38.0,4867
778,,5.0,23.0,41.0,5.0,,,,70.0,,47.0,58.0,88.0,41.0,,17.0,17.0,,,41.0,47.0,4868
779,,,5.0,38.0,2.0,5.0,,,33.0,,55.0,38.0,72.0,,19.0,25.0,,,,19.0,30.0,4871
780,,8.0,19.0,31.0,5.0,5.0,,,43.0,,44.0,27.0,57.0,53.0,29.0,22.0,,,,41.0,42.0,4873
781,,8.0,12.0,23.0,5.0,5.0,17.0,,30.0,,30.0,,32.0,,28.0,21.0,,,,33.0,32.0,4874
782,6.0,,17.0,31.0,,10.0,44.0,31.0,37.0,,41.0,,34.0,,37.0,20.0,,,,10.0,31.0,4876
783,,6.0,20.0,46.0,6.0,,73.0,40.0,46.0,,73.0,,,,,60.0,20.0,13.0,,26.0,46.0,4880
784,3.0,,6.0,18.0,3.0,,,51.0,,39.0,60.0,,54.0,,42.0,27.0,,,21.0,39.0,33.0,4881
785,4.0,6.0,20.0,24.0,,6.0,,,50.0,,51.0,28.0,64.0,41.0,32.0,20.0,,,,25.0,29.0,4882
786,7.0,1.0,1.0,21.0,,1.0,,,50.0,,61.0,,87.0,27.0,30.0,38.0,,,,34.0,41.0,4883
787,1.0,3.0,14.0,20.0,,,,,59.0,,63.0,,67.0,28.0,30.0,32.0,,,,26.0,33.0,4884
788,,,5.0,57.0,,5.0,36.0,,57.0,,63.0,42.0,,,36.0,,,,,31.0,31.0,4886
789,,8.0,23.0,34.0,3.0,6.0,39.0,,55.0,,60.0,,49.0,,38.0,27.0,,,,35.0,41.0,4887
790,3.0,5.0,14.0,24.0,3.0,,,,45.0,29.0,53.0,,54.0,,25.0,26.0,,15.0,,34.0,32.0,4888
791,,3.0,13.0,23.0,5.0,3.0,,,58.0,,46.0,,76.0,43.0,30.0,26.0,,,,46.0,43.0,4889
792,4.0,6.0,16.0,26.0,,7.0,,48.0,62.0,36.0,55.0,,,,36.0,30.0,20.0,,,26.0,46.0,4890
793,1.0,1.0,12.0,15.0,1.0,,,,34.0,,30.0,,72.0,37.0,33.0,30.0,,,,28.0,31.0,4891
794,6.0,5.0,13.0,15.0,,5.0,,46.0,44.0,,60.0,,55.0,,,18.0,,8.0,18.0,13.0,22.0,4892
795,6.0,6.0,13.0,44.0,,17.0,41.0,,55.0,,65.0,,75.0,,,27.0,,20.0,,27.0,31.0,4896
796,,4.0,18.0,28.0,2.0,6.0,48.0,46.0,63.0,,55.0,,,,44.0,36.0,,,,28.0,55.0,4897
797,3.0,3.0,9.0,29.0,,6.0,,,61.0,,64.0,,70.0,41.0,25.0,35.0,,,,32.0,38.0,4898
798,,3.0,16.0,22.0,3.0,6.0,77.0,58.0,,,70.0,,51.0,,25.0,35.0,19.0,,,,16.0,4902
799,,,8.0,40.0,8.0,4.0,36.0,,36.0,,56.0,,80.0,,,20.0,,8.0,12.0,24.0,32.0,4904
800,,9.0,20.0,34.0,4.0,6.0,,,45.0,,47.0,,62.0,41.0,35.0,23.0,,,,38.0,40.0,4905
801,,24.0,27.0,27.0,3.0,6.0,41.0,,48.0,58.0,51.0,,,,55.0,34.0,20.0,,,17.0,55.0,4910
802,3.0,7.0,16.0,30.0,4.0,,,,36.0,,49.0,,77.0,31.0,34.0,24.0,,,,45.0,41.0,4913
803,,12.0,17.0,33.0,10.0,7.0,,,49.0,43.0,59.0,,38.0,,26.0,29.0,,,,35.0,36.0,4914
804,1.0,6.0,13.0,26.0,,4.0,,41.0,46.0,,67.0,,40.0,,,23.0,20.0,20.0,,35.0,40.0,4916
805,,5.0,17.0,24.0,5.0,5.0,,,44.0,,57.0,,65.0,34.0,36.0,22.0,,,,30.0,41.0,4917
806,2.0,10.0,25.0,35.0,,10.0,,,50.0,,55.0,,57.0,34.0,26.0,17.0,,,,30.0,35.0,4918
807,2.0,5.0,26.0,44.0,,7.0,54.0,,82.0,,67.0,,48.0,,38.0,22.0,,,,22.0,48.0,4919
808,,5.0,15.0,30.0,7.0,5.0,,,56.0,,71.0,,69.0,,17.0,23.0,,,17.0,,20.0,4921
809,,10.0,20.0,37.0,8.0,9.0,38.0,,50.0,,61.0,,40.0,,22.0,25.0,,,11.0,21.0,34.0,4922
810,3.0,3.0,12.0,32.0,4.0,,,38.0,43.0,,63.0,,55.0,,29.0,35.0,20.0,,,20.0,38.0,4923
811,14.0,9.0,22.0,40.0,,6.0,37.0,32.0,55.0,,40.0,,,,27.0,24.0,,,,27.0,42.0,4924
812,7.0,4.0,7.0,16.0,,19.0,40.0,54.0,35.0,,50.0,,,,19.0,26.0,,,,26.0,38.0,4925
813,0.0,6.0,10.0,28.0,,6.0,,,53.0,,47.0,,71.0,56.0,29.0,30.0,,,,42.0,42.0,4927
814,5.0,5.0,17.0,20.0,,5.0,31.0,,54.0,,62.0,34.0,77.0,,25.0,,,,28.0,28.0,40.0,4930
815,,6.0,27.0,28.0,6.0,8.0,,,62.0,,61.0,,76.0,,27.0,30.0,,,,38.0,44.0,4931
816,2.0,4.0,9.0,20.0,,,,,61.0,,72.0,,88.0,,36.0,34.0,,,,27.0,34.0,4933
817,,,14.0,38.0,,,,,28.0,,52.0,,80.0,,,33.0,,,,38.0,42.0,4935
818,9.0,4.0,14.0,33.0,,9.0,,,52.0,57.0,66.0,,61.0,,28.0,19.0,,,,,23.0,4936
819,3.0,10.0,10.0,28.0,,7.0,35.0,,,53.0,51.0,,76.0,,30.0,26.0,,,,39.0,46.0,4937
820,,5.0,19.0,25.0,1.0,5.0,28.0,,57.0,,67.0,,73.0,,30.0,32.0,,,19.0,32.0,32.0,4938
821,,5.0,11.0,35.0,,5.0,29.0,,,,47.0,,35.0,,,23.0,,,,23.0,35.0,4939
822,,5.0,16.0,27.0,,,,,44.0,50.0,55.0,,55.0,,55.0,27.0,,,,33.0,50.0,4940
823,,10.0,20.0,35.0,5.0,6.0,,,50.0,,51.0,,53.0,43.0,35.0,25.0,,,,40.0,47.0,4941
824,,10.0,20.0,35.0,5.0,6.0,,,50.0,,51.0,,53.0,43.0,35.0,25.0,,,,40.0,47.0,4942
825,7.0,7.0,21.0,28.0,,14.0,,64.0,85.0,,100.0,,71.0,,50.0,57.0,,,,64.0,64.0,4943
826,2.0,11.0,11.0,21.0,,1.0,,,56.0,,63.0,37.0,78.0,,26.0,22.0,,,24.0,41.0,35.0,4948
827,3.0,,10.0,20.0,,,,,33.0,,36.0,,56.0,33.0,,16.0,,20.0,,36.0,26.0,4952
828,3.0,11.0,19.0,38.0,5.0,,,,55.0,,65.0,39.0,64.0,,30.0,26.0,,,,40.0,40.0,4955
829,2.0,2.0,10.0,23.0,2.0,,34.0,,52.0,,50.0,,65.0,,34.0,26.0,,,,31.0,36.0,4956
830,6.0,7.0,18.0,33.0,,9.0,44.0,48.0,47.0,,55.0,,,,32.0,30.0,16.0,,,27.0,46.0,4957
831,2.0,1.0,4.0,9.0,,1.0,28.0,30.0,32.0,,33.0,,,,15.0,21.0,16.0,,,12.0,16.0,4958
832,1.0,3.0,16.0,17.0,3.0,,,,,35.0,49.0,,70.0,25.0,20.0,19.0,,,,26.0,31.0,4959
833,,11.0,27.0,55.0,5.0,11.0,,38.0,61.0,,50.0,,44.0,,44.0,44.0,22.0,,,33.0,38.0,4961
834,,10.0,7.0,14.0,7.0,10.0,,,57.0,39.0,50.0,28.0,57.0,,39.0,35.0,,,,39.0,46.0,4963
835,2.0,12.0,27.0,27.0,4.0,,39.0,,49.0,,61.0,,69.0,,28.0,28.0,,,21.0,30.0,48.0,4966
836,3.0,1.0,9.0,20.0,,2.0,50.0,50.0,59.0,,72.0,,,,28.0,32.0,22.0,,,24.0,29.0,4967
837,,5.0,22.0,26.0,6.0,6.0,26.0,,46.0,,55.0,,58.0,,25.0,26.0,,,,23.0,41.0,4969
838,5.0,2.0,7.0,20.0,,4.0,,,54.0,31.0,59.0,,59.0,,27.0,27.0,,,,20.0,31.0,4970
839,3.0,7.0,10.0,17.0,,,,,,,60.0,32.0,75.0,42.0,32.0,17.0,,,,32.0,28.0,4973
840,,,8.0,20.0,,,44.0,,40.0,,64.0,,40.0,,28.0,28.0,12.0,,,16.0,32.0,4974
841,9.0,1.0,20.0,33.0,,7.0,,,42.0,,63.0,,68.0,,18.0,28.0,,,,25.0,25.0,4976
842,5.0,9.0,16.0,29.0,,5.0,,,35.0,37.0,64.0,,55.0,,27.0,31.0,14.0,,,27.0,37.0,4977
843,,8.0,19.0,34.0,5.0,10.0,42.0,49.0,53.0,,62.0,,,,28.0,28.0,13.0,,,24.0,38.0,4978
844,7.0,7.0,15.0,31.0,,5.0,43.0,56.0,65.0,,65.0,,,,26.0,28.0,21.0,,,22.0,37.0,4979
845,3.0,3.0,15.0,28.0,,,46.0,56.0,,62.0,56.0,,,,25.0,28.0,18.0,,,18.0,46.0,4981
846,2.0,2.0,20.0,32.0,,5.0,35.0,,53.0,,67.0,,65.0,,37.0,37.0,,,,44.0,52.0,4982
847,12.0,6.0,14.0,36.0,,14.0,,40.0,46.0,,63.0,,44.0,,20.0,22.0,,,18.0,18.0,36.0,4983
848,3.0,4.0,7.0,25.0,4.0,,49.0,61.0,43.0,,58.0,,,,25.0,35.0,17.0,,,14.0,29.0,4985
849,13.0,3.0,5.0,11.0,,5.0,,42.0,25.0,32.0,42.0,,,,15.0,30.0,19.0,,,15.0,25.0,4987
850,3.0,7.0,14.0,27.0,,4.0,35.0,,51.0,,60.0,,59.0,,27.0,29.0,,,14.0,35.0,39.0,4988
851,8.0,8.0,,30.0,8.0,8.0,43.0,,56.0,,69.0,,47.0,,,26.0,21.0,,30.0,34.0,43.0,4989
852,1.0,1.0,14.0,15.0,,6.0,41.0,39.0,,,58.0,,52.0,,19.0,30.0,,19.0,,19.0,28.0,4990
853,5.0,,25.0,22.0,,5.0,,57.0,65.0,,77.0,,,,28.0,31.0,31.0,,,,40.0,4991
854,4.0,5.0,17.0,25.0,,4.0,,32.0,49.0,,60.0,,57.0,,32.0,27.0,,,,28.0,38.0,4992
855,7.0,10.0,21.0,42.0,7.0,,57.0,,,64.0,53.0,,64.0,,32.0,32.0,,,,21.0,32.0,4993
856,,,4.0,28.0,,,,64.0,60.0,,84.0,,,,20.0,44.0,20.0,,,28.0,40.0,4994
857,5.0,5.0,21.0,18.0,,5.0,,,51.0,,72.0,,62.0,,32.0,32.0,27.0,,24.0,,32.0,4996
858,2.0,5.0,8.0,23.0,,2.0,,,50.0,,76.0,,70.0,,26.0,26.0,,,,,35.0,4998
859,2.0,2.0,15.0,23.0,2.0,,42.0,,71.0,,68.0,,71.0,,28.0,50.0,,26.0,,26.0,52.0,4999
860,5.0,5.0,9.0,17.0,2.0,,,44.0,44.0,,54.0,,36.0,,19.0,33.0,19.0,,,16.0,32.0,5000
861,1.0,1.0,7.0,14.0,3.0,,,,21.0,32.0,42.0,,72.0,,35.0,24.0,,,,43.0,38.0,5001
862,5.0,2.0,14.0,35.0,,2.0,38.0,,55.0,,61.0,44.0,79.0,,,38.0,20.0,,,41.0,35.0,5002
863,6.0,3.0,23.0,26.0,10.0,,,60.0,60.0,,73.0,,36.0,,26.0,33.0,,,36.0,30.0,30.0,5003
864,26.0,42.0,63.0,52.0,,31.0,,52.0,,,68.0,57.0,47.0,,,21.0,,15.0,,,21.0,5005
865,1.0,3.0,22.0,27.0,,10.0,31.0,,51.0,29.0,47.0,,,,20.0,19.0,9.0,,,20.0,27.0,5010
866,8.0,3.0,4.0,11.0,,1.0,37.0,,49.0,,72.0,,59.0,,21.0,24.0,14.0,,,18.0,32.0,5011
867,5.0,10.0,24.0,40.0,,8.0,,,70.0,,43.0,,59.0,37.0,48.0,24.0,,,,43.0,48.0,5012
868,3.0,4.0,15.0,26.0,,4.0,39.0,,56.0,,59.0,,40.0,,28.0,29.0,,,,22.0,39.0,5016
869,2.0,4.0,12.0,22.0,,3.0,,,48.0,,47.0,,72.0,44.0,40.0,37.0,,,,37.0,46.0,5021
870,4.0,4.0,18.0,25.0,2.0,,,,52.0,,56.0,,72.0,54.0,25.0,18.0,,,,29.0,40.0,5023
871,4.0,9.0,13.0,30.0,,2.0,,,47.0,31.0,60.0,,53.0,,22.0,26.0,,,14.0,17.0,28.0,5024
872,7.0,2.0,15.0,20.0,,5.0,43.0,,56.0,,74.0,,53.0,,33.0,51.0,25.0,,,30.0,48.0,5025
873,8.0,11.0,11.0,11.0,,5.0,,,52.0,,70.0,,70.0,,17.0,29.0,,,,26.0,32.0,5026
874,,2.0,15.0,12.0,2.0,,,,28.0,28.0,53.0,,66.0,,25.0,,17.0,,,30.0,23.0,5028
875,,7.0,23.0,35.0,9.0,7.0,,38.0,43.0,,57.0,,35.0,,30.0,24.0,,,,24.0,37.0,5030
876,2.0,14.0,11.0,26.0,5.0,,32.0,,50.0,,44.0,,55.0,,23.0,41.0,20.0,20.0,,,44.0,5032
877,3.0,3.0,13.0,17.0,,3.0,22.0,,42.0,,50.0,,56.0,,19.0,18.0,,,,16.0,25.0,5033
878,,7.0,17.0,17.0,2.0,,,56.0,51.0,,66.0,,35.0,,25.0,43.0,15.0,,,38.0,53.0,5034
879,0.0,5.0,14.0,20.0,,3.0,,,49.0,,55.0,26.0,59.0,,25.0,28.0,,,20.0,33.0,33.0,5035
880,,6.0,14.0,25.0,3.0,5.0,,39.0,48.0,,55.0,,37.0,,30.0,26.0,11.0,,,20.0,36.0,5036
881,,8.0,16.0,39.0,4.0,10.0,34.0,,45.0,,65.0,,46.0,,30.0,30.0,,,,25.0,38.0,5037
882,3.0,5.0,10.0,37.0,,3.0,,39.0,50.0,,55.0,,41.0,,44.0,37.0,19.0,,,25.0,50.0,5038
883,1.0,,5.0,12.0,5.0,1.0,,,39.0,,52.0,,68.0,25.0,23.0,20.0,,,,26.0,33.0,5040
884,2.0,8.0,8.0,28.0,,6.0,,48.0,57.0,64.0,71.0,,,,24.0,37.0,22.0,20.0,,,42.0,5042
885,4.0,8.0,21.0,35.0,,8.0,,,55.0,,62.0,,58.0,32.0,31.0,25.0,,,,32.0,47.0,5043
886,8.0,,10.0,18.0,2.0,5.0,,35.0,29.0,,42.0,,40.0,,18.0,19.0,8.0,,,17.0,22.0,5044
887,5.0,5.0,14.0,25.0,,5.0,,,48.0,,68.0,42.0,57.0,,25.0,37.0,17.0,,,22.0,28.0,5047
888,7.0,6.0,18.0,27.0,2.0,,,,50.0,,59.0,,79.0,43.0,36.0,27.0,,,,34.0,40.0,5050
889,1.0,4.0,11.0,14.0,1.0,,,,38.0,,52.0,,70.0,40.0,22.0,19.0,,,,27.0,24.0,5051
890,1.0,3.0,15.0,17.0,,1.0,,,38.0,,51.0,32.0,73.0,48.0,32.0,26.0,,,26.0,,40.0,5052
891,5.0,2.0,15.0,23.0,5.0,,,38.0,56.0,,61.0,,48.0,,33.0,33.0,,,23.0,46.0,41.0,5055
892,,9.0,20.0,25.0,,2.0,,,41.0,,44.0,,55.0,41.0,27.0,16.0,,,,27.0,30.0,5056
893,,2.0,10.0,13.0,5.0,,44.0,44.0,,42.0,57.0,,,,,26.0,28.0,,,39.0,34.0,5061
894,4.0,3.0,9.0,18.0,,3.0,25.0,,44.0,,51.0,,59.0,,22.0,25.0,,,,22.0,31.0,5062
895,7.0,7.0,13.0,17.0,1.0,,49.0,52.0,49.0,,78.0,,,,23.0,33.0,11.0,,,11.0,29.0,5063
896,6.0,6.0,17.0,23.0,4.0,,,,52.0,,52.0,,71.0,32.0,30.0,,,,,39.0,31.0,5064
897,,8.0,20.0,29.0,4.0,6.0,37.0,,51.0,,57.0,,48.0,,26.0,30.0,13.0,,,21.0,40.0,5067
898,4.0,9.0,,27.0,,4.0,,,63.0,,31.0,40.0,59.0,,27.0,,,13.0,,18.0,,5070
899,5.0,,10.0,28.0,6.0,6.0,,74.0,49.0,49.0,60.0,,,,21.0,32.0,20.0,,,21.0,32.0,5072
900,5.0,6.0,17.0,22.0,,2.0,41.0,65.0,,50.0,52.0,,,,27.0,28.0,22.0,,,20.0,32.0,5073
901,7.0,8.0,21.0,35.0,,7.0,,,52.0,,73.0,36.0,78.0,,35.0,21.0,,,,28.0,47.0,5074
902,6.0,6.0,17.0,28.0,,7.0,41.0,54.0,49.0,,55.0,,,,25.0,26.0,15.0,,,18.0,34.0,5075
903,4.0,11.0,9.0,21.0,,,38.0,,40.0,,71.0,,61.0,,21.0,38.0,,,,28.0,26.0,5076
904,4.0,9.0,18.0,30.0,,8.0,44.0,51.0,55.0,,60.0,,,,29.0,28.0,15.0,,,22.0,38.0,5077
905,4.0,8.0,24.0,39.0,,13.0,,,46.0,,54.0,,62.0,32.0,28.0,23.0,,,,30.0,37.0,5078
906,12.0,5.0,9.0,17.0,,5.0,45.0,45.0,45.0,,53.0,,,,32.0,40.0,20.0,,,24.0,41.0,5079
907,5.0,7.0,19.0,31.0,,7.0,44.0,44.0,54.0,,52.0,,,,25.0,25.0,15.0,,,21.0,38.0,5080
908,,,16.0,16.0,,,,,45.0,,70.0,,58.0,,29.0,25.0,,,,22.0,32.0,5081
909,5.0,2.0,20.0,22.0,,5.0,,,37.0,,74.0,,42.0,,25.0,31.0,17.0,,,31.0,37.0,5082
910,4.0,5.0,12.0,30.0,2.0,,,,55.0,35.0,64.0,,83.0,,30.0,28.0,,,,29.0,40.0,5085
911,,6.0,20.0,27.0,3.0,5.0,,,41.0,,36.0,26.0,62.0,51.0,25.0,23.0,,,,38.0,41.0,5086
912,,,19.0,19.0,15.0,,,,,30.0,,23.0,50.0,23.0,,,19.0,,,53.0,26.0,5090
913,9.0,11.0,22.0,44.0,,13.0,,36.0,40.0,,57.0,,39.0,,,32.0,,,18.0,19.0,39.0,5091
914,,,9.0,19.0,,,,,54.0,,41.0,,61.0,61.0,29.0,38.0,,22.0,,,29.0,5094
915,5.0,,10.0,19.0,8.0,7.0,33.0,,60.0,,69.0,,45.0,,29.0,36.0,,,,17.0,38.0,5095
916,,,23.0,70.0,,5.0,,,41.0,,52.0,52.0,88.0,58.0,,23.0,,,35.0,41.0,52.0,5096
917,,10.0,13.0,26.0,13.0,6.0,46.0,,36.0,38.0,55.0,,,,30.0,30.0,,20.0,,36.0,43.0,5097
918,3.0,3.0,21.0,21.0,,,,,15.0,,24.0,27.0,63.0,60.0,21.0,18.0,,,18.0,,39.0,5098
919,,10.0,24.0,32.0,7.0,8.0,,,41.0,,48.0,32.0,47.0,,28.0,17.0,,,,30.0,41.0,5100
920,4.0,5.0,20.0,34.0,,6.0,30.0,,53.0,,61.0,,58.0,,37.0,28.0,,,,33.0,39.0,5103
921,,8.0,5.0,26.0,2.0,,,,20.0,,35.0,,73.0,32.0,38.0,20.0,,,,41.0,41.0,5104
922,,12.0,13.0,32.0,5.0,7.0,28.0,,47.0,,55.0,,56.0,,30.0,24.0,,,,27.0,37.0,5109
923,4.0,,11.0,11.0,,2.0,,,41.0,,55.0,37.0,65.0,,,30.0,,23.0,,37.0,41.0,5110
924,,7.0,16.0,30.0,3.0,3.0,,,46.0,,48.0,31.0,69.0,49.0,27.0,24.0,,,,36.0,37.0,5111
925,6.0,,7.0,21.0,3.0,7.0,,39.0,42.0,,66.0,,51.0,,18.0,16.0,9.0,,,16.0,24.0,5114
926,,6.0,15.0,25.0,4.0,3.0,,42.0,54.0,,65.0,,50.0,,26.0,29.0,14.0,,,32.0,37.0,5115
927,3.0,4.0,5.0,22.0,3.0,,,50.0,52.0,,66.0,,40.0,,22.0,31.0,16.0,,,12.0,32.0,5116
928,4.0,4.0,12.0,28.0,,7.0,,,47.0,,49.0,,61.0,37.0,25.0,19.0,,,,23.0,33.0,5117
929,4.0,1.0,12.0,15.0,6.0,,43.0,,53.0,,64.0,,72.0,,29.0,30.0,,16.0,,27.0,35.0,5119
930,5.0,3.0,7.0,16.0,,2.0,35.0,41.0,38.0,,50.0,,,,20.0,24.0,13.0,,,13.0,25.0,5122
931,2.0,1.0,7.0,20.0,,5.0,38.0,45.0,39.0,,73.0,,,,16.0,32.0,20.0,,,11.0,27.0,5124
932,6.0,4.0,5.0,23.0,3.0,,,51.0,,50.0,58.0,,51.0,,17.0,28.0,17.0,,,22.0,31.0,5130
933,18.0,12.0,6.0,18.0,6.0,,56.0,50.0,,37.0,68.0,,,,31.0,37.0,,,,25.0,37.0,5132
934,7.0,1.0,12.0,32.0,,3.0,,,41.0,,36.0,21.0,87.0,70.0,23.0,,,,,45.0,34.0,5137
935,4.0,4.0,22.0,31.0,,4.0,,,50.0,,45.0,,68.0,45.0,,22.0,,,,50.0,40.0,5141
936,4.0,7.0,19.0,29.0,2.0,,,34.0,65.0,,56.0,,46.0,,24.0,31.0,,9.0,,26.0,48.0,5142
937,8.0,,13.0,26.0,,,47.0,,69.0,,78.0,,69.0,,30.0,39.0,26.0,,,39.0,39.0,5145
938,,2.0,15.0,13.0,2.0,2.0,47.0,,57.0,,57.0,,47.0,,39.0,44.0,34.0,,,34.0,47.0,5147
939,19.0,,3.0,15.0,,,38.0,,50.0,,61.0,,57.0,,30.0,34.0,,,,42.0,34.0,5149
940,1.0,1.0,6.0,10.0,1.0,,,,48.0,,54.0,,65.0,,25.0,20.0,,,,29.0,26.0,5150
941,,8.0,8.0,34.0,4.0,10.0,30.0,,54.0,,52.0,,52.0,,30.0,39.0,21.0,,,23.0,43.0,5151
942,5.0,12.0,14.0,27.0,,5.0,,,56.0,,56.0,,62.0,33.0,33.0,25.0,,,,35.0,38.0,5152
943,2.0,5.0,17.0,8.0,2.0,,,,20.0,23.0,44.0,,70.0,,35.0,,,35.0,,52.0,52.0,5153
944,5.0,6.0,12.0,24.0,,5.0,31.0,,54.0,,58.0,,67.0,,23.0,31.0,,,19.0,25.0,34.0,5154
945,12.0,12.0,12.0,62.0,,6.0,50.0,50.0,68.0,,43.0,,,,31.0,31.0,18.0,,,25.0,43.0,5155
946,2.0,6.0,6.0,15.0,,1.0,,,57.0,,44.0,,59.0,30.0,30.0,20.0,,,,34.0,28.0,5160
947,9.0,3.0,10.0,18.0,3.0,,43.0,45.0,61.0,,59.0,,,,26.0,32.0,,,,25.0,29.0,5163
948,,,17.0,26.0,1.0,2.0,,,28.0,,47.0,23.0,78.0,44.0,33.0,,,,,57.0,42.0,5167
949,4.0,9.0,19.0,17.0,7.0,,,,53.0,21.0,63.0,,80.0,34.0,,24.0,,,,31.0,24.0,5169
950,5.0,10.0,21.0,32.0,,10.0,35.0,,57.0,,52.0,,40.0,,29.0,25.0,,,,26.0,37.0,5170
951,3.0,10.0,10.0,17.0,,,,,28.0,,21.0,21.0,82.0,60.0,,28.0,,,,39.0,32.0,5171
952,4.0,,4.0,22.0,,,,31.0,,59.0,40.0,,81.0,,45.0,31.0,,,,40.0,50.0,5174
953,4.0,4.0,16.0,37.0,,8.0,,,41.0,,37.0,,54.0,37.0,25.0,29.0,,,,29.0,29.0,5176
954,,11.0,11.0,18.0,6.0,3.0,,,54.0,,47.0,,66.0,31.0,26.0,27.0,,,,23.0,30.0,5177
955,,4.0,15.0,22.0,3.0,6.0,37.0,41.0,47.0,,59.0,,,,34.0,38.0,,,,26.0,38.0,5179
956,9.0,5.0,17.0,40.0,,5.0,28.0,,42.0,,34.0,,48.0,,,26.0,19.0,,,32.0,30.0,5180
957,3.0,,14.0,33.0,3.0,14.0,,37.0,59.0,,40.0,,,,33.0,14.0,,,,29.0,37.0,5184
958,2.0,5.0,23.0,31.0,4.0,,,,50.0,,54.0,,65.0,37.0,30.0,25.0,,,,28.0,36.0,5185
959,3.0,7.0,13.0,35.0,,11.0,,,54.0,,52.0,33.0,81.0,56.0,33.0,37.0,,,,28.0,49.0,5189
960,7.0,4.0,19.0,25.0,,5.0,,57.0,44.0,49.0,60.0,,,,21.0,29.0,12.0,,,17.0,31.0,5191
961,3.0,7.0,15.0,40.0,5.0,,,42.0,54.0,,66.0,,42.0,,24.0,21.0,,,,14.0,24.0,5192
962,7.0,,14.0,11.0,,,,59.0,51.0,,66.0,,59.0,,18.0,40.0,,,11.0,,37.0,5194
963,6.0,9.0,6.0,12.0,,3.0,,,39.0,,39.0,33.0,69.0,48.0,,,,,27.0,24.0,42.0,5195
964,12.0,12.0,12.0,24.0,8.0,,,,40.0,,44.0,36.0,68.0,56.0,,16.0,,,,12.0,20.0,5196
965,,6.0,23.0,38.0,5.0,6.0,,,47.0,,59.0,30.0,53.0,,26.0,27.0,,,,29.0,34.0,5197
966,2.0,,16.0,25.0,6.0,4.0,,,40.0,,50.0,23.0,80.0,63.0,30.0,20.0,,,,43.0,47.0,5198
967,4.0,20.0,20.0,40.0,4.0,,,,32.0,40.0,36.0,36.0,,32.0,,16.0,16.0,,,40.0,36.0,5199
968,6.0,12.0,12.0,12.0,,6.0,40.0,,37.0,,59.0,,28.0,,,25.0,12.0,9.0,,18.0,34.0,5202
969,6.0,16.0,12.0,12.0,,6.0,,,22.0,,32.0,,54.0,22.0,25.0,22.0,,,,41.0,45.0,5204
970,,7.0,20.0,34.0,5.0,4.0,,,46.0,,47.0,,65.0,48.0,34.0,23.0,,,,32.0,40.0,5208
971,,7.0,16.0,32.0,4.0,3.0,,,41.0,,49.0,,66.0,39.0,27.0,21.0,,,,29.0,38.0,5212
972,7.0,5.0,7.0,33.0,2.0,,,48.0,38.0,56.0,66.0,,,,25.0,15.0,,,,25.0,25.0,5214
973,4.0,7.0,17.0,30.0,,5.0,,,41.0,,48.0,,68.0,45.0,31.0,26.0,,,,41.0,36.0,5215
974,1.0,1.0,5.0,15.0,1.0,,,,44.0,,58.0,,62.0,,,31.0,,,15.0,20.0,32.0,5216
975,7.0,10.0,7.0,21.0,5.0,,44.0,60.0,42.0,,63.0,,,,,36.0,21.0,13.0,,18.0,34.0,5217
976,9.0,3.0,17.0,30.0,,13.0,,38.0,42.0,36.0,53.0,,,,34.0,32.0,19.0,,,25.0,26.0,5218
977,,11.0,26.0,36.0,9.0,7.0,41.0,53.0,61.0,,59.0,,,,35.0,30.0,18.0,,,28.0,44.0,5219
978,5.0,8.0,13.0,21.0,2.0,,,,48.0,40.0,45.0,,78.0,32.0,43.0,35.0,,,,29.0,45.0,5223
979,3.0,4.0,9.0,28.0,,3.0,,,35.0,,64.0,,76.0,30.0,26.0,28.0,,,,26.0,35.0,5225
980,,8.0,17.0,30.0,6.0,9.0,,,46.0,25.0,53.0,,66.0,,35.0,33.0,,,,45.0,53.0,5226
981,1.0,2.0,12.0,13.0,,2.0,,,28.0,,40.0,23.0,54.0,31.0,21.0,17.0,,,,21.0,26.0,5228
982,2.0,5.0,9.0,17.0,,1.0,,,39.0,,49.0,20.0,56.0,,15.0,17.0,,,,15.0,22.0,5230
983,2.0,5.0,7.0,17.0,,5.0,55.0,57.0,60.0,,52.0,,,,15.0,32.0,12.0,,15.0,,35.0,5234
984,6.0,12.0,18.0,34.0,,9.0,40.0,,57.0,,55.0,,50.0,,35.0,26.0,,,,28.0,46.0,5237
985,7.0,4.0,9.0,20.0,2.0,,,37.0,53.0,,46.0,,40.0,,22.0,25.0,13.0,,,15.0,27.0,5239
986,,,7.0,33.0,,,,,59.0,33.0,62.0,,74.0,,37.0,25.0,11.0,,,,29.0,5240
987,7.0,6.0,18.0,31.0,3.0,,,,46.0,,50.0,,72.0,33.0,30.0,21.0,,,,21.0,33.0,5241
988,12.0,8.0,21.0,29.0,,23.0,34.0,,40.0,,51.0,,42.0,,29.0,21.0,,,10.0,23.0,27.0,5242
989,3.0,6.0,9.0,19.0,3.0,,41.0,,48.0,41.0,,,58.0,,29.0,22.0,,,16.0,29.0,38.0,5243
990,,,30.0,33.0,,,,,50.0,,56.0,46.0,86.0,66.0,,20.0,,,13.0,23.0,20.0,5248
991,,3.0,13.0,29.0,2.0,5.0,,,50.0,40.0,63.0,,67.0,,23.0,22.0,,,19.0,21.0,28.0,5249
992,5.0,11.0,26.0,23.0,5.0,,,,58.0,,52.0,,67.0,41.0,26.0,23.0,,,,29.0,38.0,5250
993,,8.0,22.0,35.0,1.0,6.0,,,47.0,,45.0,39.0,68.0,64.0,37.0,21.0,,,,32.0,41.0,5253
994,4.0,4.0,18.0,22.0,9.0,,,34.0,61.0,,68.0,,68.0,,,31.0,,,18.0,36.0,38.0,5254
995,3.0,10.0,23.0,34.0,,6.0,37.0,,56.0,,75.0,,76.0,,32.0,35.0,,,,32.0,48.0,5255
996,8.0,,23.0,32.0,2.0,4.0,42.0,47.0,70.0,,70.0,,,,25.0,38.0,,,21.0,32.0,46.0,5257
997,,4.0,10.0,17.0,6.0,1.0,,,60.0,,46.0,,59.0,34.0,26.0,26.0,,,,42.0,37.0,5258
998,3.0,,26.0,26.0,3.0,7.0,,,73.0,,53.0,57.0,50.0,,42.0,,,,,34.0,53.0,5259
999,,7.0,18.0,38.0,6.0,7.0,,,47.0,,49.0,,55.0,33.0,28.0,19.0,,,,32.0,38.0,5260
1000,5.0,,7.0,33.0,10.0,2.0,,,48.0,35.0,56.0,,71.0,,28.0,,,23.0,20.0,43.0,38.0,5261
1001,,11.0,23.0,36.0,6.0,6.0,37.0,,57.0,,59.0,,45.0,,34.0,28.0,,,,27.0,46.0,5262
1002,6.0,3.0,6.0,27.0,,6.0,,,62.0,41.0,65.0,,82.0,,34.0,31.0,,20.0,,44.0,37.0,5263
1003,3.0,16.0,20.0,40.0,10.0,,,,60.0,33.0,53.0,,53.0,,26.0,20.0,,,,26.0,36.0,5264
1004,10.0,6.0,14.0,18.0,,10.0,,,50.0,,60.0,,80.0,28.0,24.0,30.0,,18.0,,38.0,42.0,5266
1005,2.0,4.0,7.0,26.0,,7.0,41.0,,41.0,,41.0,,60.0,,31.0,31.0,14.0,,,17.0,39.0,5267
1006,4.0,9.0,20.0,36.0,,8.0,37.0,,54.0,,58.0,,44.0,,28.0,27.0,,,,28.0,38.0,5268
1007,2.0,16.0,20.0,27.0,,4.0,43.0,,56.0,,47.0,,45.0,,47.0,29.0,,,,35.0,54.0,5269
1008,4.0,,15.0,15.0,2.0,7.0,,,40.0,,50.0,,71.0,41.0,24.0,28.0,,,,35.0,35.0,5271
1009,3.0,,16.0,28.0,4.0,6.0,56.0,36.0,59.0,,60.0,,,,26.0,36.0,12.0,,,23.0,46.0,5273
1010,2.0,2.0,7.0,10.0,5.0,,,,50.0,44.0,68.0,,50.0,,26.0,26.0,,,,23.0,26.0,5274
1011,4.0,1.0,10.0,27.0,5.0,,,43.0,50.0,,64.0,,54.0,,28.0,30.0,18.0,,,22.0,40.0,5277
1012,,,25.0,35.0,9.0,9.0,,,58.0,,29.0,,38.0,38.0,48.0,,,,,45.0,51.0,5278
1013,,4.0,14.0,29.0,4.0,8.0,,,31.0,,39.0,20.0,60.0,39.0,29.0,20.0,,,,29.0,39.0,5279
1014,,,29.0,29.0,5.0,,,47.0,70.0,,64.0,,76.0,,52.0,,,,,,,5280
1015,4.0,4.0,14.0,24.0,,6.0,42.0,43.0,51.0,,60.0,,,,27.0,29.0,13.0,,,18.0,38.0,5284
1016,1.0,4.0,15.0,20.0,2.0,,,,47.0,,47.0,,70.0,54.0,30.0,24.0,,,,35.0,38.0,5286
1017,2.0,,2.0,26.0,2.0,4.0,,76.0,50.0,,73.0,,42.0,,,26.0,19.0,,,30.0,47.0,5288
1018,,4.0,8.0,22.0,4.0,4.0,,,35.0,,44.0,31.0,77.0,37.0,20.0,24.0,,,,26.0,35.0,5289
1019,,5.0,11.0,27.0,2.0,4.0,,,42.0,,37.0,26.0,67.0,43.0,29.0,27.0,,,,35.0,41.0,5290
1020,,6.0,19.0,23.0,4.0,3.0,,,42.0,,46.0,,65.0,55.0,28.0,25.0,,,,49.0,42.0,5291
1021,3.0,3.0,17.0,24.0,3.0,,,,17.0,17.0,34.0,,65.0,34.0,20.0,20.0,,,,27.0,34.0,5292
1022,5.0,12.0,2.0,12.0,5.0,,,50.0,47.0,,60.0,,50.0,,22.0,22.0,10.0,,,12.0,27.0,5295
1023,2.0,3.0,9.0,17.0,3.0,,,,28.0,,31.0,,49.0,20.0,16.0,17.0,,,,15.0,20.0,5296
1024,,2.0,23.0,23.0,2.0,,,,44.0,,35.0,,82.0,58.0,23.0,,,14.0,,20.0,38.0,5297
1025,,12.0,11.0,36.0,6.0,9.0,,,41.0,,52.0,33.0,68.0,53.0,31.0,28.0,,,,42.0,31.0,5298
